session_code,participant_id_in_session,participant_code,page_index,app_name,page_name,epoch_time_completed,round_number,timeout_happened,is_wait_page
d6lvy1ol,1,zcf1egr7,0,,InitializeParticipant,1738756245,1,0,0
d6lvy1ol,1,zcf1egr7,1,instructions,Welcome,1738756262,1,0,0
d6lvy1ol,1,zcf1egr7,2,instructions,Consent,1738756268,1,0,0
d6lvy1ol,1,zcf1egr7,3,instructions,TaskOverview,1738756299,1,0,0
d6lvy1ol,1,zcf1egr7,4,instructions,TaskInstructionsPage1,1738756415,1,0,0
d6lvy1ol,1,zcf1egr7,5,instructions,TaskInstructionsPage2,1738756504,1,0,0
d6lvy1ol,1,zcf1egr7,6,instructions,RewardStructure,1738756551,1,0,0
d6lvy1ol,1,zcf1egr7,7,instructions,Leaving,1738756568,1,0,0
d6lvy1ol,1,zcf1egr7,8,instructions,Comprehension,1738756666,1,0,0
d6lvy1ol,1,zcf1egr7,9,instructions,AdjustDimensions,1738756680,1,0,0
d6lvy1ol,1,zcf1egr7,10,instructions,FixDimensions,1738756707,1,0,0
d6lvy1ol,1,zcf1egr7,11,instructions,PracticeInstructions,1738756716,1,0,0
d6lvy1ol,2,0r57elef,0,,InitializeParticipant,1738756792,1,0,0
d6lvy1ol,2,0r57elef,1,instructions,Welcome,1738756800,1,0,0
d6lvy1ol,3,uro33w1j,0,,InitializeParticipant,1738756804,1,0,0
d6lvy1ol,2,0r57elef,2,instructions,Consent,1738756806,1,0,0
d6lvy1ol,4,v5uzjzeq,0,,InitializeParticipant,1738756808,1,0,0
d6lvy1ol,5,r0epnh5n,0,,InitializeParticipant,1738756812,1,0,0
d6lvy1ol,3,uro33w1j,1,instructions,Welcome,1738756817,1,0,0
d6lvy1ol,3,uro33w1j,2,instructions,Consent,1738756819,1,0,0
d6lvy1ol,6,c8le880w,0,,InitializeParticipant,1738756821,1,0,0
d6lvy1ol,7,fe87ewee,0,,InitializeParticipant,1738756822,1,0,0
d6lvy1ol,8,vmj6j5sf,0,,InitializeParticipant,1738756826,1,0,0
d6lvy1ol,7,fe87ewee,1,instructions,Welcome,1738756835,1,0,0
d6lvy1ol,5,r0epnh5n,1,instructions,Welcome,1738756836,1,0,0
d6lvy1ol,4,v5uzjzeq,1,instructions,Welcome,1738756838,1,0,0
d6lvy1ol,6,c8le880w,1,instructions,Welcome,1738756838,1,0,0
d6lvy1ol,9,ljjdyf5m,0,,InitializeParticipant,1738756838,1,0,0
d6lvy1ol,5,r0epnh5n,2,instructions,Consent,1738756840,1,0,0
d6lvy1ol,10,rdw7kh1f,0,,InitializeParticipant,1738756840,1,0,0
d6lvy1ol,11,ilvocnr8,0,,InitializeParticipant,1738756841,1,0,0
d6lvy1ol,2,0r57elef,3,instructions,TaskOverview,1738756841,1,0,0
d6lvy1ol,4,v5uzjzeq,2,instructions,Consent,1738756842,1,0,0
d6lvy1ol,6,c8le880w,2,instructions,Consent,1738756842,1,0,0
d6lvy1ol,7,fe87ewee,2,instructions,Consent,1738756842,1,0,0
d6lvy1ol,8,vmj6j5sf,1,instructions,Welcome,1738756843,1,0,0
d6lvy1ol,8,vmj6j5sf,2,instructions,Consent,1738756848,1,0,0
d6lvy1ol,3,uro33w1j,3,instructions,TaskOverview,1738756848,1,0,0
d6lvy1ol,9,ljjdyf5m,1,instructions,Welcome,1738756849,1,0,0
d6lvy1ol,12,sla165sp,0,,InitializeParticipant,1738756850,1,0,0
d6lvy1ol,9,ljjdyf5m,2,instructions,Consent,1738756855,1,0,0
d6lvy1ol,6,c8le880w,3,instructions,TaskOverview,1738756858,1,0,0
d6lvy1ol,11,ilvocnr8,1,instructions,Welcome,1738756858,1,0,0
d6lvy1ol,4,v5uzjzeq,3,instructions,TaskOverview,1738756859,1,0,0
d6lvy1ol,12,sla165sp,1,instructions,Welcome,1738756860,1,0,0
d6lvy1ol,12,sla165sp,2,instructions,Consent,1738756862,1,0,0
d6lvy1ol,11,ilvocnr8,2,instructions,Consent,1738756862,1,0,0
d6lvy1ol,7,fe87ewee,3,instructions,TaskOverview,1738756863,1,0,0
d6lvy1ol,13,sy2jizw1,0,,InitializeParticipant,1738756865,1,0,0
d6lvy1ol,5,r0epnh5n,3,instructions,TaskOverview,1738756866,1,0,0
d6lvy1ol,10,rdw7kh1f,1,instructions,Welcome,1738756869,1,0,0
d6lvy1ol,12,sla165sp,3,instructions,TaskOverview,1738756879,1,0,0
d6lvy1ol,10,rdw7kh1f,2,instructions,Consent,1738756879,1,0,0
d6lvy1ol,8,vmj6j5sf,3,instructions,TaskOverview,1738756880,1,0,0
d6lvy1ol,13,sy2jizw1,1,instructions,Welcome,1738756884,1,0,0
d6lvy1ol,9,ljjdyf5m,3,instructions,TaskOverview,1738756888,1,0,0
d6lvy1ol,13,sy2jizw1,2,instructions,Consent,1738756891,1,0,0
d6lvy1ol,2,0r57elef,4,instructions,TaskInstructionsPage1,1738756895,1,0,0
d6lvy1ol,11,ilvocnr8,3,instructions,TaskOverview,1738756899,1,0,0
d6lvy1ol,10,rdw7kh1f,3,instructions,TaskOverview,1738756912,1,0,0
d6lvy1ol,6,c8le880w,4,instructions,TaskInstructionsPage1,1738756920,1,0,0
d6lvy1ol,4,v5uzjzeq,4,instructions,TaskInstructionsPage1,1738756927,1,0,0
d6lvy1ol,12,sla165sp,4,instructions,TaskInstructionsPage1,1738756932,1,0,0
d6lvy1ol,7,fe87ewee,4,instructions,TaskInstructionsPage1,1738756942,1,0,0
d6lvy1ol,13,sy2jizw1,3,instructions,TaskOverview,1738756943,1,0,0
d6lvy1ol,3,uro33w1j,4,instructions,TaskInstructionsPage1,1738756949,1,0,0
d6lvy1ol,5,r0epnh5n,4,instructions,TaskInstructionsPage1,1738756953,1,0,0
d6lvy1ol,8,vmj6j5sf,4,instructions,TaskInstructionsPage1,1738756968,1,0,0
d6lvy1ol,14,c6jit37a,0,,InitializeParticipant,1738756970,1,0,0
d6lvy1ol,12,sla165sp,5,instructions,TaskInstructionsPage2,1738756978,1,0,0
d6lvy1ol,14,c6jit37a,1,instructions,Welcome,1738756990,1,0,0
d6lvy1ol,9,ljjdyf5m,4,instructions,TaskInstructionsPage1,1738756995,1,0,0
d6lvy1ol,6,c8le880w,5,instructions,TaskInstructionsPage2,1738756995,1,0,0
d6lvy1ol,14,c6jit37a,2,instructions,Consent,1738756995,1,0,0
d6lvy1ol,10,rdw7kh1f,4,instructions,TaskInstructionsPage1,1738756998,1,0,0
d6lvy1ol,2,0r57elef,5,instructions,TaskInstructionsPage2,1738757000,1,0,0
d6lvy1ol,11,ilvocnr8,4,instructions,TaskInstructionsPage1,1738757007,1,0,0
d6lvy1ol,14,c6jit37a,3,instructions,TaskOverview,1738757008,1,0,0
d6lvy1ol,12,sla165sp,6,instructions,RewardStructure,1738757015,1,0,0
d6lvy1ol,12,sla165sp,7,instructions,Leaving,1738757020,1,0,0
d6lvy1ol,7,fe87ewee,5,instructions,TaskInstructionsPage2,1738757021,1,0,0
d6lvy1ol,4,v5uzjzeq,5,instructions,TaskInstructionsPage2,1738757025,1,0,0
d6lvy1ol,6,c8le880w,6,instructions,RewardStructure,1738757031,1,0,0
d6lvy1ol,6,c8le880w,7,instructions,Leaving,1738757039,1,0,0
d6lvy1ol,10,rdw7kh1f,5,instructions,TaskInstructionsPage2,1738757042,1,0,0
d6lvy1ol,14,c6jit37a,4,instructions,TaskInstructionsPage1,1738757044,1,0,0
d6lvy1ol,13,sy2jizw1,4,instructions,TaskInstructionsPage1,1738757049,1,0,0
d6lvy1ol,2,0r57elef,6,instructions,RewardStructure,1738757053,1,0,0
d6lvy1ol,10,rdw7kh1f,6,instructions,RewardStructure,1738757055,1,0,0
d6lvy1ol,2,0r57elef,7,instructions,Leaving,1738757062,1,0,0
d6lvy1ol,4,v5uzjzeq,6,instructions,RewardStructure,1738757064,1,0,0
d6lvy1ol,7,fe87ewee,6,instructions,RewardStructure,1738757068,1,0,0
d6lvy1ol,4,v5uzjzeq,7,instructions,Leaving,1738757078,1,0,0
d6lvy1ol,14,c6jit37a,5,instructions,TaskInstructionsPage2,1738757082,1,0,0
d6lvy1ol,10,rdw7kh1f,7,instructions,Leaving,1738757085,1,0,0
d6lvy1ol,7,fe87ewee,7,instructions,Leaving,1738757089,1,0,0
d6lvy1ol,14,c6jit37a,6,instructions,RewardStructure,1738757096,1,0,0
d6lvy1ol,8,vmj6j5sf,5,instructions,TaskInstructionsPage2,1738757097,1,0,0
d6lvy1ol,14,c6jit37a,7,instructions,Leaving,1738757102,1,0,0
d6lvy1ol,3,uro33w1j,5,instructions,TaskInstructionsPage2,1738757105,1,0,0
d6lvy1ol,12,sla165sp,8,instructions,Comprehension,1738757133,1,0,0
d6lvy1ol,12,sla165sp,9,instructions,AdjustDimensions,1738757138,1,0,0
d6lvy1ol,6,c8le880w,8,instructions,Comprehension,1738757140,1,0,0
d6lvy1ol,5,r0epnh5n,5,instructions,TaskInstructionsPage2,1738757141,1,0,0
d6lvy1ol,12,sla165sp,10,instructions,FixDimensions,1738757144,1,0,0
d6lvy1ol,8,vmj6j5sf,6,instructions,RewardStructure,1738757146,1,0,0
d6lvy1ol,4,v5uzjzeq,8,instructions,Comprehension,1738757147,1,0,0
d6lvy1ol,12,sla165sp,11,instructions,PracticeInstructions,1738757148,1,0,0
d6lvy1ol,6,c8le880w,9,instructions,AdjustDimensions,1738757160,1,0,0
d6lvy1ol,8,vmj6j5sf,7,instructions,Leaving,1738757161,1,0,0
d6lvy1ol,2,0r57elef,8,instructions,Comprehension,1738757163,1,0,0
d6lvy1ol,6,c8le880w,10,instructions,FixDimensions,1738757164,1,0,0
d6lvy1ol,4,v5uzjzeq,9,instructions,AdjustDimensions,1738757166,1,0,0
d6lvy1ol,7,fe87ewee,8,instructions,Comprehension,1738757170,1,0,0
d6lvy1ol,4,v5uzjzeq,10,instructions,FixDimensions,1738757172,1,0,0
d6lvy1ol,10,rdw7kh1f,8,instructions,Comprehension,1738757172,1,0,0
d6lvy1ol,6,c8le880w,11,instructions,PracticeInstructions,1738757173,1,0,0
d6lvy1ol,2,0r57elef,9,instructions,AdjustDimensions,1738757174,1,0,0
d6lvy1ol,13,sy2jizw1,5,instructions,TaskInstructionsPage2,1738757177,1,0,0
d6lvy1ol,11,ilvocnr8,5,instructions,TaskInstructionsPage2,1738757180,1,0,0
d6lvy1ol,4,v5uzjzeq,11,instructions,PracticeInstructions,1738757183,1,0,0
d6lvy1ol,5,r0epnh5n,6,instructions,RewardStructure,1738757185,1,0,0
d6lvy1ol,2,0r57elef,10,instructions,FixDimensions,1738757187,1,0,0
d6lvy1ol,14,c6jit37a,8,instructions,Comprehension,1738757187,1,0,0
d6lvy1ol,7,fe87ewee,9,instructions,AdjustDimensions,1738757191,1,0,0
d6lvy1ol,5,r0epnh5n,7,instructions,Leaving,1738757194,1,0,0
d6lvy1ol,3,uro33w1j,6,instructions,RewardStructure,1738757194,1,0,0
d6lvy1ol,14,c6jit37a,9,instructions,AdjustDimensions,1738757195,1,0,0
d6lvy1ol,2,0r57elef,11,instructions,PracticeInstructions,1738757195,1,0,0
d6lvy1ol,4,v5uzjzeq,12,practice_task,WaitPage1,1738757195,1,0,1
d6lvy1ol,6,c8le880w,12,practice_task,WaitPage1,1738757195,1,0,1
d6lvy1ol,12,sla165sp,12,practice_task,WaitPage1,1738757195,1,0,1
d6lvy1ol,1,zcf1egr7,12,practice_task,WaitPage1,1738757195,1,0,1
d6lvy1ol,2,0r57elef,12,practice_task,WaitPage1,1738757195,1,0,1
d6lvy1ol,9,ljjdyf5m,5,instructions,TaskInstructionsPage2,1738757197,1,0,0
d6lvy1ol,14,c6jit37a,10,instructions,FixDimensions,1738757201,1,0,0
d6lvy1ol,14,c6jit37a,11,instructions,PracticeInstructions,1738757207,1,0,0
d6lvy1ol,2,0r57elef,13,practice_task,TransitionToPracticeTask,1738757210,1,0,0
d6lvy1ol,1,zcf1egr7,13,practice_task,TransitionToPracticeTask,1738757211,1,0,0
d6lvy1ol,6,c8le880w,13,practice_task,TransitionToPracticeTask,1738757211,1,0,0
d6lvy1ol,4,v5uzjzeq,13,practice_task,TransitionToPracticeTask,1738757211,1,0,0
d6lvy1ol,12,sla165sp,13,practice_task,TransitionToPracticeTask,1738757211,1,0,0
d6lvy1ol,3,uro33w1j,7,instructions,Leaving,1738757216,1,0,0
d6lvy1ol,4,v5uzjzeq,14,practice_task,MyPage,1738757243,1,0,0
d6lvy1ol,2,0r57elef,14,practice_task,MyPage,1738757243,1,0,0
d6lvy1ol,1,zcf1egr7,14,practice_task,MyPage,1738757243,1,0,0
d6lvy1ol,6,c8le880w,14,practice_task,MyPage,1738757243,1,0,0
d6lvy1ol,12,sla165sp,14,practice_task,MyPage,1738757244,1,0,0
d6lvy1ol,11,ilvocnr8,6,instructions,RewardStructure,1738757247,1,0,0
d6lvy1ol,8,vmj6j5sf,8,instructions,Comprehension,1738757259,1,0,0
d6lvy1ol,11,ilvocnr8,7,instructions,Leaving,1738757266,1,0,0
d6lvy1ol,9,ljjdyf5m,6,instructions,RewardStructure,1738757269,1,0,0
d6lvy1ol,8,vmj6j5sf,9,instructions,AdjustDimensions,1738757275,1,0,0
d6lvy1ol,2,0r57elef,19,practice_task,MyPage,1738757276,2,0,0
d6lvy1ol,1,zcf1egr7,19,practice_task,MyPage,1738757276,2,0,0
d6lvy1ol,6,c8le880w,19,practice_task,MyPage,1738757276,2,0,0
d6lvy1ol,4,v5uzjzeq,19,practice_task,MyPage,1738757276,2,0,0
d6lvy1ol,12,sla165sp,19,practice_task,MyPage,1738757276,2,0,0
d6lvy1ol,8,vmj6j5sf,10,instructions,FixDimensions,1738757286,1,0,0
d6lvy1ol,9,ljjdyf5m,7,instructions,Leaving,1738757295,1,0,0
d6lvy1ol,8,vmj6j5sf,11,instructions,PracticeInstructions,1738757295,1,0,0
d6lvy1ol,4,v5uzjzeq,24,practice_task,MyPage,1738757309,3,0,0
d6lvy1ol,1,zcf1egr7,24,practice_task,MyPage,1738757309,3,0,0
d6lvy1ol,2,0r57elef,24,practice_task,MyPage,1738757309,3,0,0
d6lvy1ol,6,c8le880w,24,practice_task,MyPage,1738757309,3,0,0
d6lvy1ol,12,sla165sp,24,practice_task,MyPage,1738757309,3,0,0
d6lvy1ol,13,sy2jizw1,6,instructions,RewardStructure,1738757318,1,0,0
d6lvy1ol,3,uro33w1j,8,instructions,Comprehension,1738757326,1,0,0
d6lvy1ol,5,r0epnh5n,8,instructions,Comprehension,1738757334,1,0,0
d6lvy1ol,13,sy2jizw1,7,instructions,Leaving,1738757339,1,0,0
d6lvy1ol,2,0r57elef,29,practice_task,MyPage,1738757341,4,0,0
d6lvy1ol,1,zcf1egr7,29,practice_task,MyPage,1738757341,4,0,0
d6lvy1ol,6,c8le880w,29,practice_task,MyPage,1738757341,4,0,0
d6lvy1ol,4,v5uzjzeq,29,practice_task,MyPage,1738757341,4,0,0
d6lvy1ol,12,sla165sp,29,practice_task,MyPage,1738757341,4,0,0
d6lvy1ol,5,r0epnh5n,9,instructions,AdjustDimensions,1738757345,1,0,0
d6lvy1ol,11,ilvocnr8,8,instructions,Comprehension,1738757352,1,0,0
d6lvy1ol,5,r0epnh5n,10,instructions,FixDimensions,1738757353,1,0,0
d6lvy1ol,5,r0epnh5n,11,instructions,PracticeInstructions,1738757362,1,0,0
d6lvy1ol,11,ilvocnr8,9,instructions,AdjustDimensions,1738757367,1,0,0
d6lvy1ol,3,uro33w1j,9,instructions,AdjustDimensions,1738757369,1,0,0
d6lvy1ol,2,0r57elef,34,practice_task,MyPage,1738757373,5,0,0
d6lvy1ol,4,v5uzjzeq,34,practice_task,MyPage,1738757373,5,0,0
d6lvy1ol,1,zcf1egr7,34,practice_task,MyPage,1738757373,5,0,0
d6lvy1ol,6,c8le880w,34,practice_task,MyPage,1738757373,5,0,0
d6lvy1ol,12,sla165sp,34,practice_task,MyPage,1738757374,5,0,0
d6lvy1ol,12,sla165sp,35,practice_task,FinalResults,1738757376,5,0,0
d6lvy1ol,6,c8le880w,35,practice_task,FinalResults,1738757377,5,0,0
d6lvy1ol,11,ilvocnr8,10,instructions,FixDimensions,1738757378,1,0,0
d6lvy1ol,9,ljjdyf5m,8,instructions,Comprehension,1738757378,1,0,0
d6lvy1ol,12,sla165sp,36,practice_task,MainTaskInstructions,1738757379,5,0,0
d6lvy1ol,1,zcf1egr7,35,practice_task,FinalResults,1738757380,5,0,0
d6lvy1ol,2,0r57elef,35,practice_task,FinalResults,1738757380,5,0,0
d6lvy1ol,4,v5uzjzeq,35,practice_task,FinalResults,1738757380,5,0,0
d6lvy1ol,6,c8le880w,36,practice_task,MainTaskInstructions,1738757388,5,0,0
d6lvy1ol,4,v5uzjzeq,36,practice_task,MainTaskInstructions,1738757391,5,0,0
d6lvy1ol,1,zcf1egr7,36,practice_task,MainTaskInstructions,1738757398,5,0,0
d6lvy1ol,2,0r57elef,36,practice_task,MainTaskInstructions,1738757399,5,0,0
d6lvy1ol,1,zcf1egr7,37,main_task,WaitPage2,1738757402,1,0,1
d6lvy1ol,2,0r57elef,37,main_task,WaitPage2,1738757402,1,0,1
d6lvy1ol,4,v5uzjzeq,37,main_task,WaitPage2,1738757402,1,0,1
d6lvy1ol,6,c8le880w,37,main_task,WaitPage2,1738757402,1,0,1
d6lvy1ol,12,sla165sp,37,main_task,WaitPage2,1738757402,1,0,1
d6lvy1ol,9,ljjdyf5m,9,instructions,AdjustDimensions,1738757403,1,0,0
d6lvy1ol,11,ilvocnr8,11,instructions,PracticeInstructions,1738757407,1,0,0
d6lvy1ol,3,uro33w1j,10,instructions,FixDimensions,1738757411,1,0,0
d6lvy1ol,2,0r57elef,38,main_task,TransitionToMainTask,1738757417,1,0,0
d6lvy1ol,1,zcf1egr7,38,main_task,TransitionToMainTask,1738757417,1,0,0
d6lvy1ol,6,c8le880w,38,main_task,TransitionToMainTask,1738757417,1,0,0
d6lvy1ol,4,v5uzjzeq,38,main_task,TransitionToMainTask,1738757417,1,0,0
d6lvy1ol,12,sla165sp,38,main_task,TransitionToMainTask,1738757418,1,0,0
d6lvy1ol,7,fe87ewee,10,instructions,FixDimensions,1738757426,1,0,0
d6lvy1ol,9,ljjdyf5m,10,instructions,FixDimensions,1738757430,1,0,0
d6lvy1ol,7,fe87ewee,11,instructions,PracticeInstructions,1738757433,1,0,0
d6lvy1ol,3,uro33w1j,11,instructions,PracticeInstructions,1738757434,1,0,0
d6lvy1ol,3,uro33w1j,12,practice_task,WaitPage1,1738757434,1,0,1
d6lvy1ol,5,r0epnh5n,12,practice_task,WaitPage1,1738757434,1,0,1
d6lvy1ol,7,fe87ewee,12,practice_task,WaitPage1,1738757434,1,0,1
d6lvy1ol,8,vmj6j5sf,12,practice_task,WaitPage1,1738757434,1,0,1
d6lvy1ol,11,ilvocnr8,12,practice_task,WaitPage1,1738757434,1,0,1
d6lvy1ol,2,0r57elef,39,main_task,MyPage,1738757440,1,0,0
d6lvy1ol,4,v5uzjzeq,39,main_task,MyPage,1738757440,1,0,0
d6lvy1ol,1,zcf1egr7,39,main_task,MyPage,1738757440,1,0,0
d6lvy1ol,6,c8le880w,39,main_task,MyPage,1738757440,1,0,0
d6lvy1ol,12,sla165sp,39,main_task,MyPage,1738757440,1,0,0
d6lvy1ol,11,ilvocnr8,13,practice_task,TransitionToPracticeTask,1738757450,1,0,0
d6lvy1ol,3,uro33w1j,13,practice_task,TransitionToPracticeTask,1738757450,1,0,0
d6lvy1ol,7,fe87ewee,13,practice_task,TransitionToPracticeTask,1738757450,1,0,0
d6lvy1ol,8,vmj6j5sf,13,practice_task,TransitionToPracticeTask,1738757450,1,0,0
d6lvy1ol,5,r0epnh5n,13,practice_task,TransitionToPracticeTask,1738757450,1,0,0
d6lvy1ol,4,v5uzjzeq,43,main_task,MyPage,1738757462,2,0,0
d6lvy1ol,2,0r57elef,43,main_task,MyPage,1738757462,2,0,0
d6lvy1ol,1,zcf1egr7,43,main_task,MyPage,1738757462,2,0,0
d6lvy1ol,6,c8le880w,43,main_task,MyPage,1738757462,2,0,0
d6lvy1ol,12,sla165sp,43,main_task,MyPage,1738757462,2,0,0
d6lvy1ol,9,ljjdyf5m,11,instructions,PracticeInstructions,1738757465,1,0,0
d6lvy1ol,3,uro33w1j,14,practice_task,MyPage,1738757482,1,0,0
d6lvy1ol,8,vmj6j5sf,14,practice_task,MyPage,1738757482,1,0,0
d6lvy1ol,11,ilvocnr8,14,practice_task,MyPage,1738757482,1,0,0
d6lvy1ol,5,r0epnh5n,14,practice_task,MyPage,1738757482,1,0,0
d6lvy1ol,7,fe87ewee,14,practice_task,MyPage,1738757482,1,0,0
d6lvy1ol,4,v5uzjzeq,47,main_task,MyPage,1738757485,3,0,0
d6lvy1ol,2,0r57elef,47,main_task,MyPage,1738757485,3,0,0
d6lvy1ol,6,c8le880w,47,main_task,MyPage,1738757485,3,0,0
d6lvy1ol,1,zcf1egr7,47,main_task,MyPage,1738757485,3,0,0
d6lvy1ol,12,sla165sp,47,main_task,MyPage,1738757485,3,0,0
d6lvy1ol,10,rdw7kh1f,9,instructions,AdjustDimensions,1738757488,1,0,0
d6lvy1ol,4,v5uzjzeq,51,main_task,MyPage,1738757509,4,0,0
d6lvy1ol,1,zcf1egr7,51,main_task,MyPage,1738757509,4,0,0
d6lvy1ol,2,0r57elef,51,main_task,MyPage,1738757509,4,0,0
d6lvy1ol,12,sla165sp,51,main_task,MyPage,1738757509,4,0,0
d6lvy1ol,6,c8le880w,51,main_task,MyPage,1738757509,4,0,0
d6lvy1ol,3,uro33w1j,19,practice_task,MyPage,1738757515,2,0,0
d6lvy1ol,5,r0epnh5n,19,practice_task,MyPage,1738757515,2,0,0
d6lvy1ol,11,ilvocnr8,19,practice_task,MyPage,1738757515,2,0,0
d6lvy1ol,8,vmj6j5sf,19,practice_task,MyPage,1738757515,2,0,0
d6lvy1ol,7,fe87ewee,19,practice_task,MyPage,1738757515,2,0,0
d6lvy1ol,13,sy2jizw1,8,instructions,Comprehension,1738757523,1,0,0
d6lvy1ol,2,0r57elef,55,main_task,MyPage,1738757534,5,0,0
d6lvy1ol,1,zcf1egr7,55,main_task,MyPage,1738757534,5,0,0
d6lvy1ol,6,c8le880w,55,main_task,MyPage,1738757534,5,0,0
d6lvy1ol,4,v5uzjzeq,55,main_task,MyPage,1738757534,5,0,0
d6lvy1ol,12,sla165sp,55,main_task,MyPage,1738757535,5,0,0
d6lvy1ol,11,ilvocnr8,24,practice_task,MyPage,1738757547,3,0,0
d6lvy1ol,3,uro33w1j,24,practice_task,MyPage,1738757547,3,0,0
d6lvy1ol,8,vmj6j5sf,24,practice_task,MyPage,1738757548,3,0,0
d6lvy1ol,5,r0epnh5n,24,practice_task,MyPage,1738757548,3,0,0
d6lvy1ol,7,fe87ewee,24,practice_task,MyPage,1738757548,3,0,0
d6lvy1ol,13,sy2jizw1,9,instructions,AdjustDimensions,1738757551,1,0,0
d6lvy1ol,4,v5uzjzeq,59,main_task,MyPage,1738757556,6,0,0
d6lvy1ol,1,zcf1egr7,59,main_task,MyPage,1738757556,6,0,0
d6lvy1ol,2,0r57elef,59,main_task,MyPage,1738757556,6,0,0
d6lvy1ol,6,c8le880w,59,main_task,MyPage,1738757556,6,0,0
d6lvy1ol,12,sla165sp,59,main_task,MyPage,1738757557,6,0,0
d6lvy1ol,13,sy2jizw1,10,instructions,FixDimensions,1738757568,1,0,0
d6lvy1ol,4,v5uzjzeq,63,main_task,MyPage,1738757579,7,0,0
d6lvy1ol,2,0r57elef,63,main_task,MyPage,1738757579,7,0,0
d6lvy1ol,1,zcf1egr7,63,main_task,MyPage,1738757579,7,0,0
d6lvy1ol,6,c8le880w,63,main_task,MyPage,1738757579,7,0,0
d6lvy1ol,12,sla165sp,63,main_task,MyPage,1738757580,7,0,0
d6lvy1ol,3,uro33w1j,29,practice_task,MyPage,1738757580,4,0,0
d6lvy1ol,11,ilvocnr8,29,practice_task,MyPage,1738757580,4,0,0
d6lvy1ol,8,vmj6j5sf,29,practice_task,MyPage,1738757580,4,0,0
d6lvy1ol,5,r0epnh5n,29,practice_task,MyPage,1738757580,4,0,0
d6lvy1ol,7,fe87ewee,29,practice_task,MyPage,1738757580,4,0,0
d6lvy1ol,13,sy2jizw1,11,instructions,PracticeInstructions,1738757596,1,0,0
d6lvy1ol,4,v5uzjzeq,67,main_task,MyPage,1738757603,8,0,0
d6lvy1ol,2,0r57elef,67,main_task,MyPage,1738757603,8,0,0
d6lvy1ol,1,zcf1egr7,67,main_task,MyPage,1738757603,8,0,0
d6lvy1ol,6,c8le880w,67,main_task,MyPage,1738757603,8,0,0
d6lvy1ol,12,sla165sp,67,main_task,MyPage,1738757603,8,0,0
d6lvy1ol,11,ilvocnr8,34,practice_task,MyPage,1738757612,5,0,0
d6lvy1ol,8,vmj6j5sf,34,practice_task,MyPage,1738757612,5,0,0
d6lvy1ol,3,uro33w1j,34,practice_task,MyPage,1738757612,5,0,0
d6lvy1ol,7,fe87ewee,34,practice_task,MyPage,1738757612,5,0,0
d6lvy1ol,5,r0epnh5n,34,practice_task,MyPage,1738757612,5,0,0
d6lvy1ol,11,ilvocnr8,35,practice_task,FinalResults,1738757615,5,0,0
d6lvy1ol,8,vmj6j5sf,35,practice_task,FinalResults,1738757617,5,0,0
d6lvy1ol,5,r0epnh5n,35,practice_task,FinalResults,1738757619,5,0,0
d6lvy1ol,3,uro33w1j,35,practice_task,FinalResults,1738757619,5,0,0
d6lvy1ol,4,v5uzjzeq,71,main_task,MyPage,1738757626,9,0,0
d6lvy1ol,2,0r57elef,71,main_task,MyPage,1738757626,9,0,0
d6lvy1ol,1,zcf1egr7,71,main_task,MyPage,1738757626,9,0,0
d6lvy1ol,6,c8le880w,71,main_task,MyPage,1738757626,9,0,0
d6lvy1ol,12,sla165sp,71,main_task,MyPage,1738757627,9,0,0
d6lvy1ol,8,vmj6j5sf,36,practice_task,MainTaskInstructions,1738757631,5,0,0
d6lvy1ol,11,ilvocnr8,36,practice_task,MainTaskInstructions,1738757631,5,0,0
d6lvy1ol,5,r0epnh5n,36,practice_task,MainTaskInstructions,1738757633,5,0,0
d6lvy1ol,4,v5uzjzeq,75,main_task,MyPage,1738757649,10,0,0
d6lvy1ol,2,0r57elef,75,main_task,MyPage,1738757649,10,0,0
d6lvy1ol,1,zcf1egr7,75,main_task,MyPage,1738757649,10,0,0
d6lvy1ol,6,c8le880w,75,main_task,MyPage,1738757649,10,0,0
d6lvy1ol,12,sla165sp,75,main_task,MyPage,1738757649,10,0,0
d6lvy1ol,3,uro33w1j,36,practice_task,MainTaskInstructions,1738757651,5,0,0
d6lvy1ol,10,rdw7kh1f,10,instructions,FixDimensions,1738757659,1,0,0
d6lvy1ol,4,v5uzjzeq,79,main_task,MyPage,1738757671,11,0,0
d6lvy1ol,2,0r57elef,79,main_task,MyPage,1738757671,11,0,0
d6lvy1ol,1,zcf1egr7,79,main_task,MyPage,1738757671,11,0,0
d6lvy1ol,6,c8le880w,79,main_task,MyPage,1738757671,11,0,0
d6lvy1ol,12,sla165sp,79,main_task,MyPage,1738757671,11,0,0
d6lvy1ol,10,rdw7kh1f,11,instructions,PracticeInstructions,1738757680,1,0,0
d6lvy1ol,4,v5uzjzeq,83,main_task,MyPage,1738757694,12,0,0
d6lvy1ol,2,0r57elef,83,main_task,MyPage,1738757694,12,0,0
d6lvy1ol,1,zcf1egr7,83,main_task,MyPage,1738757694,12,0,0
d6lvy1ol,6,c8le880w,83,main_task,MyPage,1738757694,12,0,0
d6lvy1ol,12,sla165sp,83,main_task,MyPage,1738757694,12,0,0
d6lvy1ol,7,fe87ewee,35,practice_task,FinalResults,1738757703,5,0,0
d6lvy1ol,7,fe87ewee,36,practice_task,MainTaskInstructions,1738757711,5,0,0
d6lvy1ol,3,uro33w1j,37,main_task,WaitPage2,1738757713,1,0,1
d6lvy1ol,5,r0epnh5n,37,main_task,WaitPage2,1738757713,1,0,1
d6lvy1ol,7,fe87ewee,37,main_task,WaitPage2,1738757713,1,0,1
d6lvy1ol,8,vmj6j5sf,37,main_task,WaitPage2,1738757713,1,0,1
d6lvy1ol,11,ilvocnr8,37,main_task,WaitPage2,1738757713,1,0,1
d6lvy1ol,2,0r57elef,87,main_task,MyPage,1738757719,13,0,0
d6lvy1ol,4,v5uzjzeq,87,main_task,MyPage,1738757719,13,0,0
d6lvy1ol,1,zcf1egr7,87,main_task,MyPage,1738757719,13,0,0
d6lvy1ol,6,c8le880w,87,main_task,MyPage,1738757719,13,0,0
d6lvy1ol,12,sla165sp,87,main_task,MyPage,1738757719,13,0,0
d6lvy1ol,11,ilvocnr8,38,main_task,TransitionToMainTask,1738757729,1,0,0
d6lvy1ol,3,uro33w1j,38,main_task,TransitionToMainTask,1738757729,1,0,0
d6lvy1ol,8,vmj6j5sf,38,main_task,TransitionToMainTask,1738757729,1,0,0
d6lvy1ol,7,fe87ewee,38,main_task,TransitionToMainTask,1738757730,1,0,0
d6lvy1ol,5,r0epnh5n,38,main_task,TransitionToMainTask,1738757730,1,0,0
d6lvy1ol,4,v5uzjzeq,91,main_task,MyPage,1738757742,14,0,0
d6lvy1ol,2,0r57elef,91,main_task,MyPage,1738757742,14,0,0
d6lvy1ol,1,zcf1egr7,91,main_task,MyPage,1738757742,14,0,0
d6lvy1ol,6,c8le880w,91,main_task,MyPage,1738757742,14,0,0
d6lvy1ol,12,sla165sp,91,main_task,MyPage,1738757742,14,0,0
d6lvy1ol,11,ilvocnr8,39,main_task,MyPage,1738757752,1,0,0
d6lvy1ol,5,r0epnh5n,39,main_task,MyPage,1738757752,1,0,0
d6lvy1ol,3,uro33w1j,39,main_task,MyPage,1738757752,1,0,0
d6lvy1ol,8,vmj6j5sf,39,main_task,MyPage,1738757752,1,0,0
d6lvy1ol,7,fe87ewee,39,main_task,MyPage,1738757752,1,0,0
d6lvy1ol,4,v5uzjzeq,95,main_task,MyPage,1738757764,15,0,0
d6lvy1ol,2,0r57elef,95,main_task,MyPage,1738757764,15,0,0
d6lvy1ol,1,zcf1egr7,95,main_task,MyPage,1738757764,15,0,0
d6lvy1ol,6,c8le880w,95,main_task,MyPage,1738757764,15,0,0
d6lvy1ol,12,sla165sp,95,main_task,MyPage,1738757764,15,0,0
d6lvy1ol,15,inywr80n,0,,InitializeParticipant,1738757767,1,0,0
d6lvy1ol,8,vmj6j5sf,43,main_task,MyPage,1738757774,2,0,0
d6lvy1ol,3,uro33w1j,43,main_task,MyPage,1738757774,2,0,0
d6lvy1ol,11,ilvocnr8,43,main_task,MyPage,1738757774,2,0,0
d6lvy1ol,5,r0epnh5n,43,main_task,MyPage,1738757774,2,0,0
d6lvy1ol,7,fe87ewee,43,main_task,MyPage,1738757774,2,0,0
d6lvy1ol,15,inywr80n,1,instructions,Welcome,1738757775,1,0,0
d6lvy1ol,15,inywr80n,2,instructions,Consent,1738757778,1,0,0
d6lvy1ol,4,v5uzjzeq,99,main_task,MyPage,1738757787,16,0,0
d6lvy1ol,2,0r57elef,99,main_task,MyPage,1738757787,16,0,0
d6lvy1ol,6,c8le880w,99,main_task,MyPage,1738757787,16,0,0
d6lvy1ol,1,zcf1egr7,99,main_task,MyPage,1738757787,16,0,0
d6lvy1ol,12,sla165sp,99,main_task,MyPage,1738757787,16,0,0
d6lvy1ol,15,inywr80n,3,instructions,TaskOverview,1738757796,1,0,0
d6lvy1ol,3,uro33w1j,47,main_task,MyPage,1738757796,3,0,0
d6lvy1ol,11,ilvocnr8,47,main_task,MyPage,1738757797,3,0,0
d6lvy1ol,8,vmj6j5sf,47,main_task,MyPage,1738757797,3,0,0
d6lvy1ol,5,r0epnh5n,47,main_task,MyPage,1738757797,3,0,0
d6lvy1ol,7,fe87ewee,47,main_task,MyPage,1738757797,3,0,0
d6lvy1ol,4,v5uzjzeq,103,main_task,MyPage,1738757810,17,0,0
d6lvy1ol,2,0r57elef,103,main_task,MyPage,1738757810,17,0,0
d6lvy1ol,1,zcf1egr7,103,main_task,MyPage,1738757810,17,0,0
d6lvy1ol,12,sla165sp,103,main_task,MyPage,1738757811,17,0,0
d6lvy1ol,6,c8le880w,103,main_task,MyPage,1738757811,17,0,0
d6lvy1ol,11,ilvocnr8,51,main_task,MyPage,1738757819,4,0,0
d6lvy1ol,3,uro33w1j,51,main_task,MyPage,1738757819,4,0,0
d6lvy1ol,8,vmj6j5sf,51,main_task,MyPage,1738757819,4,0,0
d6lvy1ol,7,fe87ewee,51,main_task,MyPage,1738757819,4,0,0
d6lvy1ol,5,r0epnh5n,51,main_task,MyPage,1738757819,4,0,0
d6lvy1ol,4,v5uzjzeq,107,main_task,MyPage,1738757833,18,0,0
d6lvy1ol,2,0r57elef,107,main_task,MyPage,1738757834,18,0,0
d6lvy1ol,6,c8le880w,107,main_task,MyPage,1738757834,18,0,0
d6lvy1ol,1,zcf1egr7,107,main_task,MyPage,1738757834,18,0,0
d6lvy1ol,12,sla165sp,107,main_task,MyPage,1738757834,18,0,0
d6lvy1ol,11,ilvocnr8,55,main_task,MyPage,1738757842,5,0,0
d6lvy1ol,3,uro33w1j,55,main_task,MyPage,1738757842,5,0,0
d6lvy1ol,8,vmj6j5sf,55,main_task,MyPage,1738757842,5,0,0
d6lvy1ol,5,r0epnh5n,55,main_task,MyPage,1738757842,5,0,0
d6lvy1ol,7,fe87ewee,55,main_task,MyPage,1738757842,5,0,0
d6lvy1ol,4,v5uzjzeq,111,main_task,MyPage,1738757856,19,0,0
d6lvy1ol,1,zcf1egr7,111,main_task,MyPage,1738757856,19,0,0
d6lvy1ol,2,0r57elef,111,main_task,MyPage,1738757856,19,0,0
d6lvy1ol,12,sla165sp,111,main_task,MyPage,1738757856,19,0,0
d6lvy1ol,6,c8le880w,111,main_task,MyPage,1738757857,19,0,0
d6lvy1ol,3,uro33w1j,59,main_task,MyPage,1738757864,6,0,0
d6lvy1ol,11,ilvocnr8,59,main_task,MyPage,1738757864,6,0,0
d6lvy1ol,8,vmj6j5sf,59,main_task,MyPage,1738757864,6,0,0
d6lvy1ol,5,r0epnh5n,59,main_task,MyPage,1738757864,6,0,0
d6lvy1ol,7,fe87ewee,59,main_task,MyPage,1738757864,6,0,0
d6lvy1ol,4,v5uzjzeq,115,main_task,MyPage,1738757879,20,0,0
d6lvy1ol,2,0r57elef,115,main_task,MyPage,1738757879,20,0,0
d6lvy1ol,1,zcf1egr7,115,main_task,MyPage,1738757879,20,0,0
d6lvy1ol,6,c8le880w,115,main_task,MyPage,1738757879,20,0,0
d6lvy1ol,12,sla165sp,115,main_task,MyPage,1738757880,20,0,0
d6lvy1ol,11,ilvocnr8,63,main_task,MyPage,1738757886,7,0,0
d6lvy1ol,8,vmj6j5sf,63,main_task,MyPage,1738757886,7,0,0
d6lvy1ol,3,uro33w1j,63,main_task,MyPage,1738757886,7,0,0
d6lvy1ol,7,fe87ewee,63,main_task,MyPage,1738757886,7,0,0
d6lvy1ol,5,r0epnh5n,63,main_task,MyPage,1738757886,7,0,0
d6lvy1ol,4,v5uzjzeq,119,main_task,MyPage,1738757902,21,0,0
d6lvy1ol,2,0r57elef,119,main_task,MyPage,1738757902,21,0,0
d6lvy1ol,1,zcf1egr7,119,main_task,MyPage,1738757902,21,0,0
d6lvy1ol,6,c8le880w,119,main_task,MyPage,1738757902,21,0,0
d6lvy1ol,12,sla165sp,119,main_task,MyPage,1738757903,21,0,0
d6lvy1ol,11,ilvocnr8,67,main_task,MyPage,1738757909,8,0,0
d6lvy1ol,8,vmj6j5sf,67,main_task,MyPage,1738757909,8,0,0
d6lvy1ol,3,uro33w1j,67,main_task,MyPage,1738757909,8,0,0
d6lvy1ol,5,r0epnh5n,67,main_task,MyPage,1738757909,8,0,0
d6lvy1ol,7,fe87ewee,67,main_task,MyPage,1738757909,8,0,0
d6lvy1ol,4,v5uzjzeq,123,main_task,MyPage,1738757925,22,0,0
d6lvy1ol,2,0r57elef,123,main_task,MyPage,1738757925,22,0,0
d6lvy1ol,1,zcf1egr7,123,main_task,MyPage,1738757925,22,0,0
d6lvy1ol,6,c8le880w,123,main_task,MyPage,1738757926,22,0,0
d6lvy1ol,12,sla165sp,123,main_task,MyPage,1738757926,22,0,0
d6lvy1ol,11,ilvocnr8,71,main_task,MyPage,1738757931,9,0,0
d6lvy1ol,8,vmj6j5sf,71,main_task,MyPage,1738757931,9,0,0
d6lvy1ol,3,uro33w1j,71,main_task,MyPage,1738757932,9,0,0
d6lvy1ol,5,r0epnh5n,71,main_task,MyPage,1738757932,9,0,0
d6lvy1ol,7,fe87ewee,71,main_task,MyPage,1738757932,9,0,0
d6lvy1ol,2,0r57elef,127,main_task,MyPage,1738757947,23,0,0
d6lvy1ol,4,v5uzjzeq,127,main_task,MyPage,1738757947,23,0,0
d6lvy1ol,1,zcf1egr7,127,main_task,MyPage,1738757948,23,0,0
d6lvy1ol,6,c8le880w,127,main_task,MyPage,1738757948,23,0,0
d6lvy1ol,12,sla165sp,127,main_task,MyPage,1738757948,23,0,0
d6lvy1ol,3,uro33w1j,75,main_task,MyPage,1738757954,10,0,0
d6lvy1ol,11,ilvocnr8,75,main_task,MyPage,1738757954,10,0,0
d6lvy1ol,8,vmj6j5sf,75,main_task,MyPage,1738757954,10,0,0
d6lvy1ol,5,r0epnh5n,75,main_task,MyPage,1738757954,10,0,0
d6lvy1ol,7,fe87ewee,75,main_task,MyPage,1738757954,10,0,0
d6lvy1ol,4,v5uzjzeq,131,main_task,MyPage,1738757970,24,0,0
d6lvy1ol,2,0r57elef,131,main_task,MyPage,1738757970,24,0,0
d6lvy1ol,1,zcf1egr7,131,main_task,MyPage,1738757970,24,0,0
d6lvy1ol,6,c8le880w,131,main_task,MyPage,1738757970,24,0,0
d6lvy1ol,12,sla165sp,131,main_task,MyPage,1738757970,24,0,0
d6lvy1ol,11,ilvocnr8,79,main_task,MyPage,1738757976,11,0,0
d6lvy1ol,3,uro33w1j,79,main_task,MyPage,1738757976,11,0,0
d6lvy1ol,8,vmj6j5sf,79,main_task,MyPage,1738757976,11,0,0
d6lvy1ol,7,fe87ewee,79,main_task,MyPage,1738757976,11,0,0
d6lvy1ol,5,r0epnh5n,79,main_task,MyPage,1738757977,11,0,0
d6lvy1ol,4,v5uzjzeq,135,main_task,MyPage,1738757993,25,0,0
d6lvy1ol,2,0r57elef,135,main_task,MyPage,1738757993,25,0,0
d6lvy1ol,6,c8le880w,135,main_task,MyPage,1738757993,25,0,0
d6lvy1ol,1,zcf1egr7,135,main_task,MyPage,1738757993,25,0,0
d6lvy1ol,12,sla165sp,135,main_task,MyPage,1738757994,25,0,0
d6lvy1ol,11,ilvocnr8,83,main_task,MyPage,1738757999,12,0,0
d6lvy1ol,3,uro33w1j,83,main_task,MyPage,1738757999,12,0,0
d6lvy1ol,8,vmj6j5sf,83,main_task,MyPage,1738757999,12,0,0
d6lvy1ol,5,r0epnh5n,83,main_task,MyPage,1738757999,12,0,0
d6lvy1ol,7,fe87ewee,83,main_task,MyPage,1738757999,12,0,0
d6lvy1ol,4,v5uzjzeq,139,main_task,MyPage,1738758017,26,0,0
d6lvy1ol,2,0r57elef,139,main_task,MyPage,1738758017,26,0,0
d6lvy1ol,1,zcf1egr7,139,main_task,MyPage,1738758017,26,0,0
d6lvy1ol,6,c8le880w,139,main_task,MyPage,1738758017,26,0,0
d6lvy1ol,12,sla165sp,139,main_task,MyPage,1738758017,26,0,0
d6lvy1ol,11,ilvocnr8,87,main_task,MyPage,1738758021,13,0,0
d6lvy1ol,3,uro33w1j,87,main_task,MyPage,1738758022,13,0,0
d6lvy1ol,8,vmj6j5sf,87,main_task,MyPage,1738758022,13,0,0
d6lvy1ol,7,fe87ewee,87,main_task,MyPage,1738758022,13,0,0
d6lvy1ol,5,r0epnh5n,87,main_task,MyPage,1738758022,13,0,0
d6lvy1ol,4,v5uzjzeq,143,main_task,MyPage,1738758040,27,0,0
d6lvy1ol,2,0r57elef,143,main_task,MyPage,1738758040,27,0,0
d6lvy1ol,1,zcf1egr7,143,main_task,MyPage,1738758040,27,0,0
d6lvy1ol,6,c8le880w,143,main_task,MyPage,1738758040,27,0,0
d6lvy1ol,12,sla165sp,143,main_task,MyPage,1738758040,27,0,0
d6lvy1ol,8,vmj6j5sf,91,main_task,MyPage,1738758044,14,0,0
d6lvy1ol,5,r0epnh5n,91,main_task,MyPage,1738758044,14,0,0
d6lvy1ol,3,uro33w1j,91,main_task,MyPage,1738758044,14,0,0
d6lvy1ol,11,ilvocnr8,91,main_task,MyPage,1738758044,14,0,0
d6lvy1ol,7,fe87ewee,91,main_task,MyPage,1738758046,14,0,0
d6lvy1ol,4,v5uzjzeq,147,main_task,MyPage,1738758063,28,0,0
d6lvy1ol,2,0r57elef,147,main_task,MyPage,1738758063,28,0,0
d6lvy1ol,1,zcf1egr7,147,main_task,MyPage,1738758063,28,0,0
d6lvy1ol,6,c8le880w,147,main_task,MyPage,1738758063,28,0,0
d6lvy1ol,12,sla165sp,147,main_task,MyPage,1738758063,28,0,0
d6lvy1ol,3,uro33w1j,95,main_task,MyPage,1738758066,15,0,0
d6lvy1ol,11,ilvocnr8,95,main_task,MyPage,1738758066,15,0,0
d6lvy1ol,8,vmj6j5sf,95,main_task,MyPage,1738758066,15,0,0
d6lvy1ol,5,r0epnh5n,95,main_task,MyPage,1738758067,15,0,0
d6lvy1ol,7,fe87ewee,95,main_task,MyPage,1738758067,15,0,0
d6lvy1ol,4,v5uzjzeq,151,main_task,MyPage,1738758086,29,0,0
d6lvy1ol,2,0r57elef,151,main_task,MyPage,1738758086,29,0,0
d6lvy1ol,1,zcf1egr7,151,main_task,MyPage,1738758086,29,0,0
d6lvy1ol,6,c8le880w,151,main_task,MyPage,1738758086,29,0,0
d6lvy1ol,12,sla165sp,151,main_task,MyPage,1738758086,29,0,0
d6lvy1ol,11,ilvocnr8,99,main_task,MyPage,1738758089,16,0,0
d6lvy1ol,3,uro33w1j,99,main_task,MyPage,1738758089,16,0,0
d6lvy1ol,8,vmj6j5sf,99,main_task,MyPage,1738758089,16,0,0
d6lvy1ol,7,fe87ewee,99,main_task,MyPage,1738758089,16,0,0
d6lvy1ol,5,r0epnh5n,99,main_task,MyPage,1738758089,16,0,0
d6lvy1ol,4,v5uzjzeq,155,main_task,MyPage,1738758109,30,0,0
d6lvy1ol,2,0r57elef,155,main_task,MyPage,1738758109,30,0,0
d6lvy1ol,1,zcf1egr7,155,main_task,MyPage,1738758109,30,0,0
d6lvy1ol,6,c8le880w,155,main_task,MyPage,1738758109,30,0,0
d6lvy1ol,12,sla165sp,155,main_task,MyPage,1738758109,30,0,0
d6lvy1ol,3,uro33w1j,103,main_task,MyPage,1738758111,17,0,0
d6lvy1ol,11,ilvocnr8,103,main_task,MyPage,1738758111,17,0,0
d6lvy1ol,8,vmj6j5sf,103,main_task,MyPage,1738758112,17,0,0
d6lvy1ol,5,r0epnh5n,103,main_task,MyPage,1738758112,17,0,0
d6lvy1ol,7,fe87ewee,103,main_task,MyPage,1738758112,17,0,0
d6lvy1ol,4,v5uzjzeq,159,main_task,MyPage,1738758132,31,0,0
d6lvy1ol,1,zcf1egr7,159,main_task,MyPage,1738758132,31,0,0
d6lvy1ol,2,0r57elef,159,main_task,MyPage,1738758132,31,0,0
d6lvy1ol,6,c8le880w,159,main_task,MyPage,1738758132,31,0,0
d6lvy1ol,12,sla165sp,159,main_task,MyPage,1738758132,31,0,0
d6lvy1ol,3,uro33w1j,107,main_task,MyPage,1738758134,18,0,0
d6lvy1ol,11,ilvocnr8,107,main_task,MyPage,1738758134,18,0,0
d6lvy1ol,8,vmj6j5sf,107,main_task,MyPage,1738758134,18,0,0
d6lvy1ol,5,r0epnh5n,107,main_task,MyPage,1738758134,18,0,0
d6lvy1ol,7,fe87ewee,107,main_task,MyPage,1738758134,18,0,0
d6lvy1ol,2,0r57elef,163,main_task,MyPage,1738758155,32,0,0
d6lvy1ol,4,v5uzjzeq,163,main_task,MyPage,1738758155,32,0,0
d6lvy1ol,1,zcf1egr7,163,main_task,MyPage,1738758155,32,0,0
d6lvy1ol,6,c8le880w,163,main_task,MyPage,1738758155,32,0,0
d6lvy1ol,12,sla165sp,163,main_task,MyPage,1738758155,32,0,0
d6lvy1ol,11,ilvocnr8,111,main_task,MyPage,1738758156,19,0,0
d6lvy1ol,8,vmj6j5sf,111,main_task,MyPage,1738758156,19,0,0
d6lvy1ol,3,uro33w1j,111,main_task,MyPage,1738758156,19,0,0
d6lvy1ol,5,r0epnh5n,111,main_task,MyPage,1738758156,19,0,0
d6lvy1ol,7,fe87ewee,111,main_task,MyPage,1738758156,19,0,0
d6lvy1ol,4,v5uzjzeq,167,main_task,MyPage,1738758177,33,0,0
d6lvy1ol,2,0r57elef,167,main_task,MyPage,1738758177,33,0,0
d6lvy1ol,1,zcf1egr7,167,main_task,MyPage,1738758177,33,0,0
d6lvy1ol,6,c8le880w,167,main_task,MyPage,1738758177,33,0,0
d6lvy1ol,12,sla165sp,167,main_task,MyPage,1738758177,33,0,0
d6lvy1ol,11,ilvocnr8,115,main_task,MyPage,1738758179,20,0,0
d6lvy1ol,8,vmj6j5sf,115,main_task,MyPage,1738758179,20,0,0
d6lvy1ol,3,uro33w1j,115,main_task,MyPage,1738758179,20,0,0
d6lvy1ol,7,fe87ewee,115,main_task,MyPage,1738758179,20,0,0
d6lvy1ol,5,r0epnh5n,115,main_task,MyPage,1738758179,20,0,0
d6lvy1ol,4,v5uzjzeq,171,main_task,MyPage,1738758200,34,0,0
d6lvy1ol,1,zcf1egr7,171,main_task,MyPage,1738758200,34,0,0
d6lvy1ol,2,0r57elef,171,main_task,MyPage,1738758200,34,0,0
d6lvy1ol,6,c8le880w,171,main_task,MyPage,1738758200,34,0,0
d6lvy1ol,12,sla165sp,171,main_task,MyPage,1738758200,34,0,0
d6lvy1ol,5,r0epnh5n,119,main_task,MyPage,1738758201,21,0,0
d6lvy1ol,11,ilvocnr8,119,main_task,MyPage,1738758201,21,0,0
d6lvy1ol,3,uro33w1j,119,main_task,MyPage,1738758201,21,0,0
d6lvy1ol,8,vmj6j5sf,119,main_task,MyPage,1738758201,21,0,0
d6lvy1ol,7,fe87ewee,119,main_task,MyPage,1738758201,21,0,0
d6lvy1ol,4,v5uzjzeq,175,main_task,MyPage,1738758223,35,0,0
d6lvy1ol,2,0r57elef,175,main_task,MyPage,1738758223,35,0,0
d6lvy1ol,6,c8le880w,175,main_task,MyPage,1738758223,35,0,0
d6lvy1ol,1,zcf1egr7,175,main_task,MyPage,1738758223,35,0,0
d6lvy1ol,11,ilvocnr8,123,main_task,MyPage,1738758224,22,0,0
d6lvy1ol,8,vmj6j5sf,123,main_task,MyPage,1738758224,22,0,0
d6lvy1ol,3,uro33w1j,123,main_task,MyPage,1738758224,22,0,0
d6lvy1ol,5,r0epnh5n,123,main_task,MyPage,1738758224,22,0,0
d6lvy1ol,7,fe87ewee,123,main_task,MyPage,1738758224,22,0,0
d6lvy1ol,12,sla165sp,175,main_task,MyPage,1738758225,35,0,0
d6lvy1ol,4,v5uzjzeq,179,main_task,MyPage,1738758246,36,0,0
d6lvy1ol,2,0r57elef,179,main_task,MyPage,1738758246,36,0,0
d6lvy1ol,1,zcf1egr7,179,main_task,MyPage,1738758246,36,0,0
d6lvy1ol,6,c8le880w,179,main_task,MyPage,1738758246,36,0,0
d6lvy1ol,12,sla165sp,179,main_task,MyPage,1738758246,36,0,0
d6lvy1ol,11,ilvocnr8,127,main_task,MyPage,1738758246,23,0,0
d6lvy1ol,8,vmj6j5sf,127,main_task,MyPage,1738758247,23,0,0
d6lvy1ol,3,uro33w1j,127,main_task,MyPage,1738758247,23,0,0
d6lvy1ol,5,r0epnh5n,127,main_task,MyPage,1738758247,23,0,0
d6lvy1ol,7,fe87ewee,127,main_task,MyPage,1738758247,23,0,0
d6lvy1ol,2,0r57elef,183,main_task,MyPage,1738758269,37,0,0
d6lvy1ol,1,zcf1egr7,183,main_task,MyPage,1738758269,37,0,0
d6lvy1ol,6,c8le880w,183,main_task,MyPage,1738758269,37,0,0
d6lvy1ol,4,v5uzjzeq,183,main_task,MyPage,1738758269,37,0,0
d6lvy1ol,12,sla165sp,183,main_task,MyPage,1738758269,37,0,0
d6lvy1ol,3,uro33w1j,131,main_task,MyPage,1738758269,24,0,0
d6lvy1ol,11,ilvocnr8,131,main_task,MyPage,1738758269,24,0,0
d6lvy1ol,5,r0epnh5n,131,main_task,MyPage,1738758269,24,0,0
d6lvy1ol,7,fe87ewee,131,main_task,MyPage,1738758269,24,0,0
d6lvy1ol,8,vmj6j5sf,131,main_task,MyPage,1738758269,24,0,0
d6lvy1ol,2,0r57elef,187,main_task,MyPage,1738758292,38,0,0
d6lvy1ol,1,zcf1egr7,187,main_task,MyPage,1738758292,38,0,0
d6lvy1ol,4,v5uzjzeq,187,main_task,MyPage,1738758292,38,0,0
d6lvy1ol,6,c8le880w,187,main_task,MyPage,1738758292,38,0,0
d6lvy1ol,11,ilvocnr8,135,main_task,MyPage,1738758292,25,0,0
d6lvy1ol,3,uro33w1j,135,main_task,MyPage,1738758292,25,0,0
d6lvy1ol,8,vmj6j5sf,135,main_task,MyPage,1738758292,25,0,0
d6lvy1ol,7,fe87ewee,135,main_task,MyPage,1738758292,25,0,0
d6lvy1ol,12,sla165sp,187,main_task,MyPage,1738758292,38,0,0
d6lvy1ol,5,r0epnh5n,135,main_task,MyPage,1738758292,25,0,0
d6lvy1ol,11,ilvocnr8,139,main_task,MyPage,1738758315,26,0,0
d6lvy1ol,3,uro33w1j,139,main_task,MyPage,1738758315,26,0,0
d6lvy1ol,8,vmj6j5sf,139,main_task,MyPage,1738758315,26,0,0
d6lvy1ol,7,fe87ewee,139,main_task,MyPage,1738758315,26,0,0
d6lvy1ol,5,r0epnh5n,139,main_task,MyPage,1738758315,26,0,0
d6lvy1ol,4,v5uzjzeq,191,main_task,MyPage,1738758315,39,0,0
d6lvy1ol,2,0r57elef,191,main_task,MyPage,1738758315,39,0,0
d6lvy1ol,6,c8le880w,191,main_task,MyPage,1738758315,39,0,0
d6lvy1ol,1,zcf1egr7,191,main_task,MyPage,1738758315,39,0,0
d6lvy1ol,12,sla165sp,191,main_task,MyPage,1738758315,39,0,0
d6lvy1ol,8,vmj6j5sf,143,main_task,MyPage,1738758337,27,0,0
d6lvy1ol,3,uro33w1j,143,main_task,MyPage,1738758337,27,0,0
d6lvy1ol,11,ilvocnr8,143,main_task,MyPage,1738758337,27,0,0
d6lvy1ol,5,r0epnh5n,143,main_task,MyPage,1738758337,27,0,0
d6lvy1ol,7,fe87ewee,143,main_task,MyPage,1738758337,27,0,0
d6lvy1ol,4,v5uzjzeq,195,main_task,MyPage,1738758338,40,0,0
d6lvy1ol,2,0r57elef,195,main_task,MyPage,1738758338,40,0,0
d6lvy1ol,1,zcf1egr7,195,main_task,MyPage,1738758338,40,0,0
d6lvy1ol,6,c8le880w,195,main_task,MyPage,1738758338,40,0,0
d6lvy1ol,12,sla165sp,195,main_task,MyPage,1738758338,40,0,0
d6lvy1ol,8,vmj6j5sf,147,main_task,MyPage,1738758359,28,0,0
d6lvy1ol,3,uro33w1j,147,main_task,MyPage,1738758359,28,0,0
d6lvy1ol,11,ilvocnr8,147,main_task,MyPage,1738758359,28,0,0
d6lvy1ol,5,r0epnh5n,147,main_task,MyPage,1738758360,28,0,0
d6lvy1ol,7,fe87ewee,147,main_task,MyPage,1738758360,28,0,0
d6lvy1ol,4,v5uzjzeq,199,main_task,MyPage,1738758361,41,0,0
d6lvy1ol,1,zcf1egr7,199,main_task,MyPage,1738758361,41,0,0
d6lvy1ol,2,0r57elef,199,main_task,MyPage,1738758361,41,0,0
d6lvy1ol,6,c8le880w,199,main_task,MyPage,1738758361,41,0,0
d6lvy1ol,12,sla165sp,199,main_task,MyPage,1738758361,41,0,0
d6lvy1ol,11,ilvocnr8,151,main_task,MyPage,1738758382,29,0,0
d6lvy1ol,3,uro33w1j,151,main_task,MyPage,1738758382,29,0,0
d6lvy1ol,5,r0epnh5n,151,main_task,MyPage,1738758382,29,0,0
d6lvy1ol,8,vmj6j5sf,151,main_task,MyPage,1738758382,29,0,0
d6lvy1ol,7,fe87ewee,151,main_task,MyPage,1738758382,29,0,0
d6lvy1ol,4,v5uzjzeq,203,main_task,MyPage,1738758383,42,0,0
d6lvy1ol,2,0r57elef,203,main_task,MyPage,1738758383,42,0,0
d6lvy1ol,1,zcf1egr7,203,main_task,MyPage,1738758383,42,0,0
d6lvy1ol,6,c8le880w,203,main_task,MyPage,1738758383,42,0,0
d6lvy1ol,12,sla165sp,203,main_task,MyPage,1738758383,42,0,0
d6lvy1ol,8,vmj6j5sf,155,main_task,MyPage,1738758404,30,0,0
d6lvy1ol,11,ilvocnr8,155,main_task,MyPage,1738758404,30,0,0
d6lvy1ol,3,uro33w1j,155,main_task,MyPage,1738758405,30,0,0
d6lvy1ol,5,r0epnh5n,155,main_task,MyPage,1738758405,30,0,0
d6lvy1ol,7,fe87ewee,155,main_task,MyPage,1738758405,30,0,0
d6lvy1ol,4,v5uzjzeq,207,main_task,MyPage,1738758406,43,0,0
d6lvy1ol,2,0r57elef,207,main_task,MyPage,1738758406,43,0,0
d6lvy1ol,1,zcf1egr7,207,main_task,MyPage,1738758406,43,0,0
d6lvy1ol,6,c8le880w,207,main_task,MyPage,1738758406,43,0,0
d6lvy1ol,12,sla165sp,207,main_task,MyPage,1738758406,43,0,0
d6lvy1ol,3,uro33w1j,159,main_task,MyPage,1738758427,31,0,0
d6lvy1ol,8,vmj6j5sf,159,main_task,MyPage,1738758427,31,0,0
d6lvy1ol,7,fe87ewee,159,main_task,MyPage,1738758427,31,0,0
d6lvy1ol,5,r0epnh5n,159,main_task,MyPage,1738758427,31,0,0
d6lvy1ol,11,ilvocnr8,159,main_task,MyPage,1738758428,31,0,0
d6lvy1ol,4,v5uzjzeq,211,main_task,MyPage,1738758429,44,0,0
d6lvy1ol,2,0r57elef,211,main_task,MyPage,1738758429,44,0,0
d6lvy1ol,1,zcf1egr7,211,main_task,MyPage,1738758429,44,0,0
d6lvy1ol,6,c8le880w,211,main_task,MyPage,1738758429,44,0,0
d6lvy1ol,12,sla165sp,211,main_task,MyPage,1738758429,44,0,0
d6lvy1ol,11,ilvocnr8,163,main_task,MyPage,1738758449,32,0,0
d6lvy1ol,8,vmj6j5sf,163,main_task,MyPage,1738758449,32,0,0
d6lvy1ol,3,uro33w1j,163,main_task,MyPage,1738758449,32,0,0
d6lvy1ol,5,r0epnh5n,163,main_task,MyPage,1738758449,32,0,0
d6lvy1ol,7,fe87ewee,163,main_task,MyPage,1738758450,32,0,0
d6lvy1ol,4,v5uzjzeq,215,main_task,MyPage,1738758452,45,0,0
d6lvy1ol,2,0r57elef,215,main_task,MyPage,1738758452,45,0,0
d6lvy1ol,1,zcf1egr7,215,main_task,MyPage,1738758452,45,0,0
d6lvy1ol,6,c8le880w,215,main_task,MyPage,1738758452,45,0,0
d6lvy1ol,12,sla165sp,215,main_task,MyPage,1738758452,45,0,0
d6lvy1ol,5,r0epnh5n,167,main_task,MyPage,1738758472,33,0,0
d6lvy1ol,11,ilvocnr8,167,main_task,MyPage,1738758472,33,0,0
d6lvy1ol,3,uro33w1j,167,main_task,MyPage,1738758472,33,0,0
d6lvy1ol,8,vmj6j5sf,167,main_task,MyPage,1738758472,33,0,0
d6lvy1ol,7,fe87ewee,167,main_task,MyPage,1738758472,33,0,0
d6lvy1ol,4,v5uzjzeq,219,main_task,MyPage,1738758475,46,0,0
d6lvy1ol,2,0r57elef,219,main_task,MyPage,1738758475,46,0,0
d6lvy1ol,1,zcf1egr7,219,main_task,MyPage,1738758475,46,0,0
d6lvy1ol,6,c8le880w,219,main_task,MyPage,1738758475,46,0,0
d6lvy1ol,12,sla165sp,219,main_task,MyPage,1738758475,46,0,0
d6lvy1ol,3,uro33w1j,171,main_task,MyPage,1738758494,34,0,0
d6lvy1ol,8,vmj6j5sf,171,main_task,MyPage,1738758494,34,0,0
d6lvy1ol,11,ilvocnr8,171,main_task,MyPage,1738758494,34,0,0
d6lvy1ol,5,r0epnh5n,171,main_task,MyPage,1738758494,34,0,0
d6lvy1ol,7,fe87ewee,171,main_task,MyPage,1738758495,34,0,0
d6lvy1ol,4,v5uzjzeq,223,main_task,MyPage,1738758499,47,0,0
d6lvy1ol,2,0r57elef,223,main_task,MyPage,1738758499,47,0,0
d6lvy1ol,1,zcf1egr7,223,main_task,MyPage,1738758499,47,0,0
d6lvy1ol,6,c8le880w,223,main_task,MyPage,1738758499,47,0,0
d6lvy1ol,12,sla165sp,223,main_task,MyPage,1738758499,47,0,0
d6lvy1ol,11,ilvocnr8,175,main_task,MyPage,1738758517,35,0,0
d6lvy1ol,3,uro33w1j,175,main_task,MyPage,1738758517,35,0,0
d6lvy1ol,8,vmj6j5sf,175,main_task,MyPage,1738758517,35,0,0
d6lvy1ol,7,fe87ewee,175,main_task,MyPage,1738758517,35,0,0
d6lvy1ol,5,r0epnh5n,175,main_task,MyPage,1738758517,35,0,0
d6lvy1ol,4,v5uzjzeq,227,main_task,MyPage,1738758521,48,0,0
d6lvy1ol,2,0r57elef,227,main_task,MyPage,1738758521,48,0,0
d6lvy1ol,1,zcf1egr7,227,main_task,MyPage,1738758521,48,0,0
d6lvy1ol,6,c8le880w,227,main_task,MyPage,1738758522,48,0,0
d6lvy1ol,12,sla165sp,227,main_task,MyPage,1738758522,48,0,0
d6lvy1ol,8,vmj6j5sf,179,main_task,MyPage,1738758539,36,0,0
d6lvy1ol,3,uro33w1j,179,main_task,MyPage,1738758539,36,0,0
d6lvy1ol,11,ilvocnr8,179,main_task,MyPage,1738758539,36,0,0
d6lvy1ol,5,r0epnh5n,179,main_task,MyPage,1738758539,36,0,0
d6lvy1ol,7,fe87ewee,179,main_task,MyPage,1738758539,36,0,0
d6lvy1ol,4,v5uzjzeq,231,main_task,MyPage,1738758544,49,0,0
d6lvy1ol,2,0r57elef,231,main_task,MyPage,1738758544,49,0,0
d6lvy1ol,6,c8le880w,231,main_task,MyPage,1738758544,49,0,0
d6lvy1ol,1,zcf1egr7,231,main_task,MyPage,1738758544,49,0,0
d6lvy1ol,12,sla165sp,231,main_task,MyPage,1738758544,49,0,0
d6lvy1ol,11,ilvocnr8,183,main_task,MyPage,1738758562,37,0,0
d6lvy1ol,8,vmj6j5sf,183,main_task,MyPage,1738758562,37,0,0
d6lvy1ol,3,uro33w1j,183,main_task,MyPage,1738758562,37,0,0
d6lvy1ol,5,r0epnh5n,183,main_task,MyPage,1738758562,37,0,0
d6lvy1ol,7,fe87ewee,183,main_task,MyPage,1738758562,37,0,0
d6lvy1ol,4,v5uzjzeq,235,main_task,MyPage,1738758567,50,0,0
d6lvy1ol,2,0r57elef,235,main_task,MyPage,1738758567,50,0,0
d6lvy1ol,1,zcf1egr7,235,main_task,MyPage,1738758567,50,0,0
d6lvy1ol,6,c8le880w,235,main_task,MyPage,1738758567,50,0,0
d6lvy1ol,12,sla165sp,235,main_task,MyPage,1738758567,50,0,0
d6lvy1ol,11,ilvocnr8,187,main_task,MyPage,1738758584,38,0,0
d6lvy1ol,8,vmj6j5sf,187,main_task,MyPage,1738758584,38,0,0
d6lvy1ol,3,uro33w1j,187,main_task,MyPage,1738758584,38,0,0
d6lvy1ol,5,r0epnh5n,187,main_task,MyPage,1738758584,38,0,0
d6lvy1ol,7,fe87ewee,187,main_task,MyPage,1738758585,38,0,0
d6lvy1ol,4,v5uzjzeq,239,main_task,MyPage,1738758590,51,0,0
d6lvy1ol,1,zcf1egr7,239,main_task,MyPage,1738758590,51,0,0
d6lvy1ol,2,0r57elef,239,main_task,MyPage,1738758590,51,0,0
d6lvy1ol,6,c8le880w,239,main_task,MyPage,1738758590,51,0,0
d6lvy1ol,12,sla165sp,239,main_task,MyPage,1738758590,51,0,0
d6lvy1ol,11,ilvocnr8,191,main_task,MyPage,1738758606,39,0,0
d6lvy1ol,3,uro33w1j,191,main_task,MyPage,1738758606,39,0,0
d6lvy1ol,8,vmj6j5sf,191,main_task,MyPage,1738758606,39,0,0
d6lvy1ol,7,fe87ewee,191,main_task,MyPage,1738758606,39,0,0
d6lvy1ol,5,r0epnh5n,191,main_task,MyPage,1738758606,39,0,0
d6lvy1ol,4,v5uzjzeq,243,main_task,MyPage,1738758613,52,0,0
d6lvy1ol,2,0r57elef,243,main_task,MyPage,1738758613,52,0,0
d6lvy1ol,1,zcf1egr7,243,main_task,MyPage,1738758613,52,0,0
d6lvy1ol,6,c8le880w,243,main_task,MyPage,1738758613,52,0,0
d6lvy1ol,12,sla165sp,243,main_task,MyPage,1738758613,52,0,0
d6lvy1ol,11,ilvocnr8,195,main_task,MyPage,1738758629,40,0,0
d6lvy1ol,3,uro33w1j,195,main_task,MyPage,1738758629,40,0,0
d6lvy1ol,5,r0epnh5n,195,main_task,MyPage,1738758629,40,0,0
d6lvy1ol,7,fe87ewee,195,main_task,MyPage,1738758629,40,0,0
d6lvy1ol,8,vmj6j5sf,195,main_task,MyPage,1738758629,40,0,0
d6lvy1ol,4,v5uzjzeq,247,main_task,MyPage,1738758635,53,0,0
d6lvy1ol,2,0r57elef,247,main_task,MyPage,1738758635,53,0,0
d6lvy1ol,1,zcf1egr7,247,main_task,MyPage,1738758635,53,0,0
d6lvy1ol,6,c8le880w,247,main_task,MyPage,1738758635,53,0,0
d6lvy1ol,12,sla165sp,247,main_task,MyPage,1738758636,53,0,0
d6lvy1ol,11,ilvocnr8,199,main_task,MyPage,1738758651,41,0,0
d6lvy1ol,3,uro33w1j,199,main_task,MyPage,1738758651,41,0,0
d6lvy1ol,8,vmj6j5sf,199,main_task,MyPage,1738758651,41,0,0
d6lvy1ol,5,r0epnh5n,199,main_task,MyPage,1738758652,41,0,0
d6lvy1ol,7,fe87ewee,199,main_task,MyPage,1738758652,41,0,0
d6lvy1ol,4,v5uzjzeq,251,main_task,MyPage,1738758658,54,0,0
d6lvy1ol,2,0r57elef,251,main_task,MyPage,1738758658,54,0,0
d6lvy1ol,1,zcf1egr7,251,main_task,MyPage,1738758658,54,0,0
d6lvy1ol,6,c8le880w,251,main_task,MyPage,1738758658,54,0,0
d6lvy1ol,12,sla165sp,251,main_task,MyPage,1738758659,54,0,0
d6lvy1ol,11,ilvocnr8,203,main_task,MyPage,1738758674,42,0,0
d6lvy1ol,3,uro33w1j,203,main_task,MyPage,1738758674,42,0,0
d6lvy1ol,8,vmj6j5sf,203,main_task,MyPage,1738758674,42,0,0
d6lvy1ol,5,r0epnh5n,203,main_task,MyPage,1738758674,42,0,0
d6lvy1ol,7,fe87ewee,203,main_task,MyPage,1738758674,42,0,0
d6lvy1ol,4,v5uzjzeq,255,main_task,MyPage,1738758681,55,0,0
d6lvy1ol,2,0r57elef,255,main_task,MyPage,1738758681,55,0,0
d6lvy1ol,1,zcf1egr7,255,main_task,MyPage,1738758681,55,0,0
d6lvy1ol,6,c8le880w,255,main_task,MyPage,1738758681,55,0,0
d6lvy1ol,12,sla165sp,255,main_task,MyPage,1738758682,55,0,0
d6lvy1ol,11,ilvocnr8,207,main_task,MyPage,1738758696,43,0,0
d6lvy1ol,8,vmj6j5sf,207,main_task,MyPage,1738758696,43,0,0
d6lvy1ol,3,uro33w1j,207,main_task,MyPage,1738758697,43,0,0
d6lvy1ol,5,r0epnh5n,207,main_task,MyPage,1738758697,43,0,0
d6lvy1ol,7,fe87ewee,207,main_task,MyPage,1738758697,43,0,0
d6lvy1ol,4,v5uzjzeq,259,main_task,MyPage,1738758703,56,0,0
d6lvy1ol,2,0r57elef,259,main_task,MyPage,1738758704,56,0,0
d6lvy1ol,1,zcf1egr7,259,main_task,MyPage,1738758704,56,0,0
d6lvy1ol,6,c8le880w,259,main_task,MyPage,1738758704,56,0,0
d6lvy1ol,12,sla165sp,259,main_task,MyPage,1738758704,56,0,0
d6lvy1ol,8,vmj6j5sf,211,main_task,MyPage,1738758719,44,0,0
d6lvy1ol,11,ilvocnr8,211,main_task,MyPage,1738758719,44,0,0
d6lvy1ol,3,uro33w1j,211,main_task,MyPage,1738758719,44,0,0
d6lvy1ol,5,r0epnh5n,211,main_task,MyPage,1738758719,44,0,0
d6lvy1ol,7,fe87ewee,211,main_task,MyPage,1738758719,44,0,0
d6lvy1ol,4,v5uzjzeq,263,main_task,MyPage,1738758727,57,0,0
d6lvy1ol,2,0r57elef,263,main_task,MyPage,1738758727,57,0,0
d6lvy1ol,1,zcf1egr7,263,main_task,MyPage,1738758727,57,0,0
d6lvy1ol,6,c8le880w,263,main_task,MyPage,1738758727,57,0,0
d6lvy1ol,12,sla165sp,263,main_task,MyPage,1738758727,57,0,0
d6lvy1ol,5,r0epnh5n,215,main_task,MyPage,1738758742,45,0,0
d6lvy1ol,11,ilvocnr8,215,main_task,MyPage,1738758742,45,0,0
d6lvy1ol,8,vmj6j5sf,215,main_task,MyPage,1738758742,45,0,0
d6lvy1ol,3,uro33w1j,215,main_task,MyPage,1738758742,45,0,0
d6lvy1ol,7,fe87ewee,215,main_task,MyPage,1738758742,45,0,0
d6lvy1ol,4,v5uzjzeq,267,main_task,MyPage,1738758750,58,0,0
d6lvy1ol,1,zcf1egr7,267,main_task,MyPage,1738758750,58,0,0
d6lvy1ol,2,0r57elef,267,main_task,MyPage,1738758750,58,0,0
d6lvy1ol,6,c8le880w,267,main_task,MyPage,1738758750,58,0,0
d6lvy1ol,12,sla165sp,267,main_task,MyPage,1738758750,58,0,0
d6lvy1ol,11,ilvocnr8,219,main_task,MyPage,1738758765,46,0,0
d6lvy1ol,3,uro33w1j,219,main_task,MyPage,1738758765,46,0,0
d6lvy1ol,8,vmj6j5sf,219,main_task,MyPage,1738758765,46,0,0
d6lvy1ol,5,r0epnh5n,219,main_task,MyPage,1738758765,46,0,0
d6lvy1ol,7,fe87ewee,219,main_task,MyPage,1738758765,46,0,0
d6lvy1ol,4,v5uzjzeq,271,main_task,MyPage,1738758773,59,0,0
d6lvy1ol,2,0r57elef,271,main_task,MyPage,1738758774,59,0,0
d6lvy1ol,1,zcf1egr7,271,main_task,MyPage,1738758774,59,0,0
d6lvy1ol,6,c8le880w,271,main_task,MyPage,1738758774,59,0,0
d6lvy1ol,12,sla165sp,271,main_task,MyPage,1738758774,59,0,0
d6lvy1ol,11,ilvocnr8,223,main_task,MyPage,1738758787,47,0,0
d6lvy1ol,3,uro33w1j,223,main_task,MyPage,1738758787,47,0,0
d6lvy1ol,8,vmj6j5sf,223,main_task,MyPage,1738758787,47,0,0
d6lvy1ol,5,r0epnh5n,223,main_task,MyPage,1738758787,47,0,0
d6lvy1ol,7,fe87ewee,223,main_task,MyPage,1738758787,47,0,0
d6lvy1ol,4,v5uzjzeq,275,main_task,MyPage,1738758796,60,0,0
d6lvy1ol,2,0r57elef,275,main_task,MyPage,1738758796,60,0,0
d6lvy1ol,1,zcf1egr7,275,main_task,MyPage,1738758796,60,0,0
d6lvy1ol,6,c8le880w,275,main_task,MyPage,1738758796,60,0,0
d6lvy1ol,12,sla165sp,275,main_task,MyPage,1738758798,60,0,0
d6lvy1ol,6,c8le880w,276,main_task,FinalResults,1738758802,60,0,0
d6lvy1ol,4,v5uzjzeq,276,main_task,FinalResults,1738758802,60,0,0
d6lvy1ol,12,sla165sp,276,main_task,FinalResults,1738758803,60,0,0
d6lvy1ol,2,0r57elef,276,main_task,FinalResults,1738758804,60,0,0
d6lvy1ol,1,zcf1egr7,276,main_task,FinalResults,1738758806,60,0,0
d6lvy1ol,11,ilvocnr8,227,main_task,MyPage,1738758809,48,0,0
d6lvy1ol,3,uro33w1j,227,main_task,MyPage,1738758809,48,0,0
d6lvy1ol,8,vmj6j5sf,227,main_task,MyPage,1738758810,48,0,0
d6lvy1ol,5,r0epnh5n,227,main_task,MyPage,1738758810,48,0,0
d6lvy1ol,7,fe87ewee,227,main_task,MyPage,1738758810,48,0,0
d6lvy1ol,11,ilvocnr8,231,main_task,MyPage,1738758832,49,0,0
d6lvy1ol,3,uro33w1j,231,main_task,MyPage,1738758832,49,0,0
d6lvy1ol,8,vmj6j5sf,231,main_task,MyPage,1738758832,49,0,0
d6lvy1ol,5,r0epnh5n,231,main_task,MyPage,1738758832,49,0,0
d6lvy1ol,7,fe87ewee,231,main_task,MyPage,1738758832,49,0,0
d6lvy1ol,12,sla165sp,277,submission,Feedback,1738758840,1,0,0
d6lvy1ol,6,c8le880w,277,submission,Feedback,1738758840,1,0,0
d6lvy1ol,2,0r57elef,277,submission,Feedback,1738758848,1,0,0
d6lvy1ol,11,ilvocnr8,235,main_task,MyPage,1738758854,50,0,0
d6lvy1ol,3,uro33w1j,235,main_task,MyPage,1738758855,50,0,0
d6lvy1ol,8,vmj6j5sf,235,main_task,MyPage,1738758855,50,0,0
d6lvy1ol,5,r0epnh5n,235,main_task,MyPage,1738758855,50,0,0
d6lvy1ol,7,fe87ewee,235,main_task,MyPage,1738758855,50,0,0
d6lvy1ol,11,ilvocnr8,239,main_task,MyPage,1738758877,51,0,0
d6lvy1ol,3,uro33w1j,239,main_task,MyPage,1738758877,51,0,0
d6lvy1ol,8,vmj6j5sf,239,main_task,MyPage,1738758877,51,0,0
d6lvy1ol,5,r0epnh5n,239,main_task,MyPage,1738758877,51,0,0
d6lvy1ol,7,fe87ewee,239,main_task,MyPage,1738758877,51,0,0
d6lvy1ol,1,zcf1egr7,277,submission,Feedback,1738758881,1,0,0
d6lvy1ol,11,ilvocnr8,243,main_task,MyPage,1738758899,52,0,0
d6lvy1ol,3,uro33w1j,243,main_task,MyPage,1738758899,52,0,0
d6lvy1ol,8,vmj6j5sf,243,main_task,MyPage,1738758899,52,0,0
d6lvy1ol,5,r0epnh5n,243,main_task,MyPage,1738758899,52,0,0
d6lvy1ol,7,fe87ewee,243,main_task,MyPage,1738758899,52,0,0
d6lvy1ol,3,uro33w1j,247,main_task,MyPage,1738758922,53,0,0
d6lvy1ol,8,vmj6j5sf,247,main_task,MyPage,1738758922,53,0,0
d6lvy1ol,11,ilvocnr8,247,main_task,MyPage,1738758922,53,0,0
d6lvy1ol,5,r0epnh5n,247,main_task,MyPage,1738758922,53,0,0
d6lvy1ol,7,fe87ewee,247,main_task,MyPage,1738758922,53,0,0
d6lvy1ol,4,v5uzjzeq,277,submission,Feedback,1738758927,1,0,0
d6lvy1ol,3,uro33w1j,251,main_task,MyPage,1738758944,54,0,0
d6lvy1ol,11,ilvocnr8,251,main_task,MyPage,1738758944,54,0,0
d6lvy1ol,8,vmj6j5sf,251,main_task,MyPage,1738758944,54,0,0
d6lvy1ol,7,fe87ewee,251,main_task,MyPage,1738758944,54,0,0
d6lvy1ol,5,r0epnh5n,251,main_task,MyPage,1738758944,54,0,0
d6lvy1ol,11,ilvocnr8,255,main_task,MyPage,1738758967,55,0,0
d6lvy1ol,3,uro33w1j,255,main_task,MyPage,1738758967,55,0,0
d6lvy1ol,8,vmj6j5sf,255,main_task,MyPage,1738758967,55,0,0
d6lvy1ol,7,fe87ewee,255,main_task,MyPage,1738758967,55,0,0
d6lvy1ol,5,r0epnh5n,255,main_task,MyPage,1738758967,55,0,0
d6lvy1ol,3,uro33w1j,259,main_task,MyPage,1738758989,56,0,0
d6lvy1ol,11,ilvocnr8,259,main_task,MyPage,1738758989,56,0,0
d6lvy1ol,8,vmj6j5sf,259,main_task,MyPage,1738758989,56,0,0
d6lvy1ol,7,fe87ewee,259,main_task,MyPage,1738758989,56,0,0
d6lvy1ol,5,r0epnh5n,259,main_task,MyPage,1738758989,56,0,0
d6lvy1ol,11,ilvocnr8,263,main_task,MyPage,1738759012,57,0,0
d6lvy1ol,8,vmj6j5sf,263,main_task,MyPage,1738759012,57,0,0
d6lvy1ol,3,uro33w1j,263,main_task,MyPage,1738759012,57,0,0
d6lvy1ol,7,fe87ewee,263,main_task,MyPage,1738759012,57,0,0
d6lvy1ol,5,r0epnh5n,263,main_task,MyPage,1738759012,57,0,0
d6lvy1ol,5,r0epnh5n,267,main_task,MyPage,1738759034,58,0,0
d6lvy1ol,3,uro33w1j,267,main_task,MyPage,1738759034,58,0,0
d6lvy1ol,11,ilvocnr8,267,main_task,MyPage,1738759034,58,0,0
d6lvy1ol,8,vmj6j5sf,267,main_task,MyPage,1738759034,58,0,0
d6lvy1ol,7,fe87ewee,267,main_task,MyPage,1738759034,58,0,0
d6lvy1ol,11,ilvocnr8,271,main_task,MyPage,1738759057,59,0,0
d6lvy1ol,8,vmj6j5sf,271,main_task,MyPage,1738759057,59,0,0
d6lvy1ol,3,uro33w1j,271,main_task,MyPage,1738759057,59,0,0
d6lvy1ol,7,fe87ewee,271,main_task,MyPage,1738759057,59,0,0
d6lvy1ol,5,r0epnh5n,271,main_task,MyPage,1738759057,59,0,0
d6lvy1ol,11,ilvocnr8,275,main_task,MyPage,1738759079,60,0,0
d6lvy1ol,3,uro33w1j,275,main_task,MyPage,1738759079,60,0,0
d6lvy1ol,8,vmj6j5sf,275,main_task,MyPage,1738759079,60,0,0
d6lvy1ol,5,r0epnh5n,275,main_task,MyPage,1738759079,60,0,0
d6lvy1ol,7,fe87ewee,275,main_task,MyPage,1738759080,60,0,0
d6lvy1ol,11,ilvocnr8,276,main_task,FinalResults,1738759084,60,0,0
d6lvy1ol,5,r0epnh5n,276,main_task,FinalResults,1738759086,60,0,0
d6lvy1ol,8,vmj6j5sf,276,main_task,FinalResults,1738759087,60,0,0
d6lvy1ol,3,uro33w1j,276,main_task,FinalResults,1738759089,60,0,0
d6lvy1ol,7,fe87ewee,276,main_task,FinalResults,1738759093,60,0,0
d6lvy1ol,8,vmj6j5sf,277,submission,Feedback,1738759125,1,0,0
d6lvy1ol,11,ilvocnr8,277,submission,Feedback,1738759127,1,0,0
d6lvy1ol,7,fe87ewee,277,submission,Feedback,1738759138,1,0,0
d6lvy1ol,5,r0epnh5n,277,submission,Feedback,1738759144,1,0,0
d6lvy1ol,3,uro33w1j,277,submission,Feedback,1738759146,1,0,0
