Submission id,Participant id,Status,Custom study tncs accepted at,Started at,Completed at,Reviewed at,Archived at,Time taken,Completion code,Total approvals,Primary language,Age,Sex,Ethnicity simplified,Country of birth,Country of residence,Nationality,Language,Student status,Employment status
67a34213368baa7f938c55df,63ed2926a7f1c79edd8b9e74,RETURNED,Not Applicable,2025-02-05T10:59:00.217000Z,,,2025-02-05T11:40:29.736276Z,,,5,CONSENT_REVOKED,CONSENT_REVOKED,CONSENT_REVOKED,CONSENT_REVOKED,CONSENT_REVOKED,CONSENT_REVOKED,CONSENT_REVOKED,CONSENT_REVOKED,CONSENT_REVOKED,CONSENT_REVOKED
67a34254efcfc34a2d81cdbd,607d6e86f96c147cf2b3223c,APPROVED,Not Applicable,2025-02-05T10:50:05.617000Z,2025-02-05T10:50:23.992000Z,2025-02-05T10:51:57.280000Z,2025-02-05T10:50:25.758196Z,19.0,CT07DN9I,1385,English,33,Female,White,United Kingdom,United Kingdom,United Kingdom,English,DATA_EXPIRED,DATA_EXPIRED
67a3434d1e369d312b453d37,5aa696af6219a30001c75d2a,APPROVED,Not Applicable,2025-02-05T10:54:11.802000Z,2025-02-05T10:54:54.684000Z,2025-02-05T10:54:58.334000Z,2025-02-05T10:54:58.274266Z,43.0,CT07DN9I,1770,English,44,Female,White,United Kingdom,United Kingdom,United Kingdom,English,No,Full-Time
67a3437c85953e533f9fe00b,66fd4b51cb041accd82a7740,RETURNED,Not Applicable,2025-02-05T11:04:52.426000Z,,,2025-02-05T11:40:29.737573Z,,,320,CONSENT_REVOKED,CONSENT_REVOKED,CONSENT_REVOKED,CONSENT_REVOKED,CONSENT_REVOKED,CONSENT_REVOKED,CONSENT_REVOKED,CONSENT_REVOKED,CONSENT_REVOKED,CONSENT_REVOKED
67a343a00a406eeee2c5a06e,654cf162c4734be5a883dffa,RETURNED,Not Applicable,2025-02-05T10:55:38.283000Z,,,2025-02-05T11:40:29.741504Z,,,513,CONSENT_REVOKED,CONSENT_REVOKED,CONSENT_REVOKED,CONSENT_REVOKED,CONSENT_REVOKED,CONSENT_REVOKED,CONSENT_REVOKED,CONSENT_REVOKED,CONSENT_REVOKED,CONSENT_REVOKED
67a3449ed09d790dd4abd944,5e1b6da99debf5393dfba2dc,APPROVED,Not Applicable,2025-02-05T10:59:48.487000Z,2025-02-05T11:00:11.295000Z,2025-02-05T11:03:21.633000Z,2025-02-05T11:00:11.977357Z,23.0,CT07DN9I,1524,English,48,Female,White,United Kingdom,United Kingdom,United Kingdom,English,DATA_EXPIRED,"Not in paid work (e.g. homemaker', 'retired or disabled)"
67a344cd2af0f66eb9476614,64484a0615f2c302d8bc6ea8,APPROVED,Not Applicable,2025-02-05T11:00:29.005000Z,2025-02-05T11:00:57.125000Z,2025-02-05T11:03:22.770000Z,2025-02-05T11:00:58.375926Z,29.0,CT07DN9I,296,"Chinese, English, Dutch",32,Female,Asian,United Kingdom,United Kingdom,United Kingdom,DATA_EXPIRED,DATA_EXPIRED,DATA_EXPIRED
67a345f50c1a70fa5a30a95a,5cafc17ace1fa80017a20d6b,RETURNED,Not Applicable,2025-02-05T11:05:33.081000Z,,,2025-02-05T11:40:29.744350Z,,,2298,CONSENT_REVOKED,CONSENT_REVOKED,CONSENT_REVOKED,CONSENT_REVOKED,CONSENT_REVOKED,CONSENT_REVOKED,CONSENT_REVOKED,CONSENT_REVOKED,CONSENT_REVOKED,CONSENT_REVOKED
67a346d1f6ff69367c764087,5e1270f1221dc48d98357c63,RETURNED,Not Applicable,2025-02-05T11:19:05.132000Z,,,2025-02-05T11:40:29.745397Z,,,781,CONSENT_REVOKED,CONSENT_REVOKED,CONSENT_REVOKED,CONSENT_REVOKED,CONSENT_REVOKED,CONSENT_REVOKED,CONSENT_REVOKED,CONSENT_REVOKED,CONSENT_REVOKED,CONSENT_REVOKED
67a346e0d341c52ab11d9fae,67862f57b5350ebed10fac1f,APPROVED,Not Applicable,2025-02-05T11:09:29.747000Z,2025-02-05T11:10:07.100000Z,2025-02-05T11:10:08.148000Z,2025-02-05T11:10:08.012883Z,38.0,CT07DN9I,33,English,61,Female,White,United Kingdom,United Kingdom,United Kingdom,English,No,Part-Time
67a348392df19c4e32b9df8e,5c9f46a912505500018d191b,APPROVED,Not Applicable,2025-02-05T11:15:34.069000Z,2025-02-05T11:15:57.013000Z,2025-02-05T11:16:17.258000Z,2025-02-05T11:15:57.935261Z,23.0,CT07DN9I,507,English,56,Male,White,United Kingdom,United Kingdom,United Kingdom,English,No,Part-Time
67a3483ce693a209a7dbe300,5aa297fe1ade740001b94bb7,APPROVED,Not Applicable,2025-02-05T11:15:13.782000Z,2025-02-05T11:19:35.301000Z,2025-02-05T11:19:38.231000Z,2025-02-05T11:19:38.370833Z,262.0,CT07DN9I,1047,"English, Welsh",24,Female,White,United Kingdom,United Kingdom,United Kingdom,English,No,Full-Time
67a348ae6fb929f82285d179,5c4338d8a04c050001a0a876,APPROVED,Not Applicable,2025-02-05T11:17:43.396000Z,2025-02-05T11:18:04.554000Z,2025-02-05T11:18:26.061000Z,2025-02-05T11:18:05.228151Z,22.0,CT07DN9I,1905,English,46,Female,White,United Kingdom,United Kingdom,United Kingdom,English,DATA_EXPIRED,DATA_EXPIRED
67a348ba7c9e5a261a510c3c,610d4df86c4abc6b5ced6fa0,APPROVED,Not Applicable,2025-02-05T11:17:33.949000Z,2025-02-05T11:18:24.130000Z,2025-02-05T11:18:43.733000Z,2025-02-05T11:18:43.697051Z,51.0,CT07DN9I,1021,English,43,Female,Black,Sierra Leone,United Kingdom,Sierra Leone,English,Yes,Part-Time
67a34928b0e1ae2918c07aae,603ab157b6ca3370a7c7b019,RETURNED,Not Applicable,2025-02-05T11:29:04.074000Z,,,2025-02-05T11:40:29.764741Z,,,727,CONSENT_REVOKED,CONSENT_REVOKED,CONSENT_REVOKED,CONSENT_REVOKED,CONSENT_REVOKED,CONSENT_REVOKED,CONSENT_REVOKED,CONSENT_REVOKED,CONSENT_REVOKED,CONSENT_REVOKED
67a349ac54a10b4b52db3f85,66cdd069637121e241f7a40a,APPROVED,Not Applicable,2025-02-05T11:23:14.184000Z,2025-02-05T11:23:30.524000Z,2025-02-05T11:24:43.096000Z,2025-02-05T11:23:31.430718Z,17.0,CT07DN9I,301,English,27,Female,Asian,United Kingdom,United Kingdom,United Kingdom,English,No,Unemployed (and job seeking)
67a34b33b76f13ef6bfeb0ee,5e3c759575109a055e99b38a,APPROVED,Not Applicable,2025-02-05T11:28:22.668000Z,2025-02-05T11:28:43.932000Z,2025-02-05T11:28:48.770000Z,2025-02-05T11:28:44.777831Z,22.0,CT07DN9I,1993,English,43,Male,White,United Kingdom,United Kingdom,United Kingdom,English,No,DATA_EXPIRED
67a34c6276604bdf555c6766,659d6e087606f95235236d8e,APPROVED,Not Applicable,2025-02-05T11:35:12.928000Z,2025-02-05T11:35:33.565000Z,2025-02-05T11:35:41.851000Z,2025-02-05T11:35:34.499741Z,21.0,CT07DN9I,475,English,28,Female,White,United Kingdom,United Kingdom,United Kingdom,English,No,Full-Time
67a34d22c950c317bbf9f3a7,622bb4f79c52ad04bb91e752,APPROVED,Not Applicable,2025-02-05T11:36:02.131000Z,2025-02-05T11:36:27.966000Z,2025-02-05T11:36:34.226000Z,2025-02-05T11:36:28.814109Z,26.0,CT07DN9I,1870,English,59,Female,White,United Kingdom,United Kingdom,United Kingdom,English,No,"Not in paid work (e.g. homemaker', 'retired or disabled)"
67a34d77d99870ba9c1774f9,66095082185479f7db42d782,APPROVED,Not Applicable,2025-02-05T11:38:26.831000Z,2025-02-05T11:39:10.530000Z,2025-02-05T11:39:11.676000Z,2025-02-05T11:39:11.596906Z,44.0,CT07DN9I,738,English,27,Female,White,United Kingdom,United Kingdom,United Kingdom,English,No,Full-Time
67a34decd467b67bb194be07,5e3024d69366c7000c4025ff,APPROVED,Not Applicable,2025-02-05T11:39:33.580000Z,2025-02-05T11:40:00.624000Z,2025-02-05T11:40:05.481000Z,2025-02-05T11:40:01.428295Z,28.0,CT07DN9I,206,English,42,Female,White,United Kingdom,United Kingdom,United Kingdom,English,No,Full-Time
67a34ea3600227b9589314d9,678e3283a19114ecf6cf7709,RETURNED,Not Applicable,2025-02-05T11:52:27.198000Z,,,2025-02-07T11:24:12.944351Z,,,33,CONSENT_REVOKED,CONSENT_REVOKED,CONSENT_REVOKED,CONSENT_REVOKED,CONSENT_REVOKED,CONSENT_REVOKED,CONSENT_REVOKED,CONSENT_REVOKED,CONSENT_REVOKED,CONSENT_REVOKED
67a34f50d6c45805d19fa7b8,665350d2cbec1d69819d36dd,RETURNED,Not Applicable,2025-02-05T11:45:20.018000Z,2025-02-05T11:45:33.441000Z,,2025-02-07T11:24:12.945827Z,,C119OUC7,454,CONSENT_REVOKED,CONSENT_REVOKED,CONSENT_REVOKED,CONSENT_REVOKED,CONSENT_REVOKED,CONSENT_REVOKED,CONSENT_REVOKED,CONSENT_REVOKED,CONSENT_REVOKED,CONSENT_REVOKED
67a34f8ab5649ed29144ebf7,5bc879d3836d560001fc421a,RETURNED,Not Applicable,2025-02-05T11:56:18.125000Z,,,2025-02-07T11:24:12.949228Z,,,65,CONSENT_REVOKED,CONSENT_REVOKED,CONSENT_REVOKED,CONSENT_REVOKED,CONSENT_REVOKED,CONSENT_REVOKED,CONSENT_REVOKED,CONSENT_REVOKED,CONSENT_REVOKED,CONSENT_REVOKED
67a34fbb4389768438f9ea06,5e649eb4666c4a22594d22ca,RETURNED,Not Applicable,2025-02-05T11:47:07.467000Z,2025-02-05T11:47:33.455000Z,,2025-02-07T11:24:12.947827Z,,C119OUC7,741,CONSENT_REVOKED,CONSENT_REVOKED,CONSENT_REVOKED,CONSENT_REVOKED,CONSENT_REVOKED,CONSENT_REVOKED,CONSENT_REVOKED,CONSENT_REVOKED,CONSENT_REVOKED,CONSENT_REVOKED
67a35011feac011970a603fa,5d08aa3601331e0001b48923,APPROVED,Not Applicable,2025-02-05T11:48:38.993000Z,2025-02-05T11:51:24.394000Z,2025-02-05T11:51:25.085000Z,2025-02-05T11:51:25.000741Z,166.0,CT07DN9I,452,English,26,Male,White,United Kingdom,United Kingdom,United Kingdom,English,No,Full-Time
67a3503d72e3da34f6d255d7,62a62e9de4093c6fd9dd43f0,RETURNED,Not Applicable,2025-02-05T11:59:17.867000Z,,,2025-02-07T11:24:12.951472Z,,,122,CONSENT_REVOKED,CONSENT_REVOKED,CONSENT_REVOKED,CONSENT_REVOKED,CONSENT_REVOKED,CONSENT_REVOKED,CONSENT_REVOKED,CONSENT_REVOKED,CONSENT_REVOKED,CONSENT_REVOKED
67a350b3787829f603bd76c6,5ae3895432c74a0001e78f45,RETURNED,Not Applicable,2025-02-05T12:01:15.386000Z,,,2025-02-07T11:24:12.962307Z,,,770,CONSENT_REVOKED,CONSENT_REVOKED,CONSENT_REVOKED,CONSENT_REVOKED,CONSENT_REVOKED,CONSENT_REVOKED,CONSENT_REVOKED,CONSENT_REVOKED,CONSENT_REVOKED,CONSENT_REVOKED
67a350bc29ca255ef82a926c,5e5417efae58e4416f2440ec,RETURNED,Not Applicable,2025-02-05T12:01:24.447000Z,,,2025-02-07T11:24:12.957542Z,,,533,CONSENT_REVOKED,CONSENT_REVOKED,CONSENT_REVOKED,CONSENT_REVOKED,CONSENT_REVOKED,CONSENT_REVOKED,CONSENT_REVOKED,CONSENT_REVOKED,CONSENT_REVOKED,CONSENT_REVOKED
67a3516f653ea9398baa5bdf,607f63ce9ffa404fca0400a9,APPROVED,Not Applicable,2025-02-05T11:54:42.025000Z,2025-02-05T11:55:49.982000Z,2025-02-05T11:55:53.011000Z,2025-02-05T11:55:52.850210Z,68.0,CT07DN9I,1846,English,32,Male,White,United Kingdom,United Kingdom,United Kingdom,English,No,Part-Time
67a3546a9862ebcb3314bcb2,6772d693ae3f61f9e083c6e6,RETURNED,Not Applicable,2025-02-05T12:07:16.069000Z,2025-02-05T12:07:50.838000Z,,2025-02-07T11:24:12.957947Z,,C119OUC7,49,CONSENT_REVOKED,CONSENT_REVOKED,CONSENT_REVOKED,CONSENT_REVOKED,CONSENT_REVOKED,CONSENT_REVOKED,CONSENT_REVOKED,CONSENT_REVOKED,CONSENT_REVOKED,CONSENT_REVOKED
67a5e2c654375dc6018c1493,672b5260396b3b084c19fecb,APPROVED,Not Applicable,2025-02-07T10:39:14.945000Z,2025-02-07T10:41:44.948000Z,2025-02-07T10:41:46.548000Z,2025-02-07T10:41:46.361554Z,151.0,CT07DN9I,120,English,27,Female,Black,Nigeria,United Kingdom,Nigeria,English,No,Full-Time
67a5e2ea94730d4508476bf5,665ad886225977530cd6579c,APPROVED,Not Applicable,2025-02-07T10:39:55.652000Z,2025-02-07T10:40:18.499000Z,2025-02-07T10:40:32.238000Z,2025-02-07T10:40:19.693895Z,23.0,CT07DN9I,403,English,32,Female,White,United Kingdom,United Kingdom,United Kingdom,English,No,"Not in paid work (e.g. homemaker', 'retired or disabled)"
67a5e33ed37d49ffe8c288ce,672a3488a8bffdf9dac2b72f,APPROVED,Not Applicable,2025-02-07T10:41:27.549000Z,2025-02-07T10:41:43.330000Z,2025-02-07T10:41:55.877000Z,2025-02-07T10:41:44.950327Z,16.0,CT07DN9I,66,English,26,Female,White,United Kingdom,United Kingdom,United Kingdom,English,No,Full-Time
67a5e58c3be33705e54c7d1e,5ee13172646ecb12b9368547,APPROVED,Not Applicable,2025-02-07T10:50:59.771000Z,2025-02-07T10:51:28.795000Z,2025-02-07T10:51:34.004000Z,2025-02-07T10:51:29.700359Z,30.0,CT07DN9I,1083,English,38,Female,White,United Kingdom,United Kingdom,United Kingdom,English,No,Part-Time
67a5e7de4a2eb6e7104c7e6b,5ee3e7eacf39640d3af2521f,APPROVED,Not Applicable,2025-02-07T11:00:49.806000Z,2025-02-07T11:01:05.776000Z,2025-02-07T11:01:11.862000Z,2025-02-07T11:01:06.725221Z,16.0,CT07DN9I,234,English,24,Female,White,Lithuania,United Kingdom,Lithuania,Lithuanian,DATA_EXPIRED,DATA_EXPIRED
67a5e84e3f72d64fc2c32f72,561cc05d3d7fe800110f5757,RETURNED,Not Applicable,2025-02-07T11:12:38.610000Z,,,2025-02-07T11:24:12.957362Z,,,620,CONSENT_REVOKED,CONSENT_REVOKED,CONSENT_REVOKED,CONSENT_REVOKED,CONSENT_REVOKED,CONSENT_REVOKED,CONSENT_REVOKED,CONSENT_REVOKED,CONSENT_REVOKED,CONSENT_REVOKED
67a5e863be9dd88cdff3f900,5eceb8411480c30fb89c7c54,APPROVED,Not Applicable,2025-02-07T11:02:59.488000Z,2025-02-07T11:03:14.732000Z,2025-02-07T11:06:26.413000Z,2025-02-07T11:03:15.758306Z,16.0,CT07DN9I,1826,English,29,Female,White,United Kingdom,United Kingdom,United Kingdom,English,No,"Not in paid work (e.g. homemaker', 'retired or disabled)"
67a5e8689333bcb86fde35d6,5ea159434ac916016387488e,APPROVED,Not Applicable,2025-02-07T11:03:08.492000Z,2025-02-07T11:03:25.017000Z,2025-02-07T11:07:38.986000Z,2025-02-07T11:03:25.891012Z,17.0,CT07DN9I,1903,English,69,Female,White,United Kingdom,United Kingdom,United Kingdom,English,No,"Not in paid work (e.g. homemaker', 'retired or disabled)"
67a5e874be932f026d2250f9,5714e0958adadb00098deed4,APPROVED,Not Applicable,2025-02-07T11:03:24.857000Z,2025-02-07T11:03:57.051000Z,2025-02-07T11:03:59.302000Z,2025-02-07T11:03:57.729003Z,33.0,CT07DN9I,1765,English,33,Male,Black,Nigeria,United Kingdom,Nigeria,English,No,DATA_EXPIRED
67a5e8f21d63a70f9f34c5f1,5d593bb9035b8900189e4a42,RETURNED,Not Applicable,2025-02-07T11:15:22.710000Z,,,2025-02-07T11:24:12.961291Z,,,1191,CONSENT_REVOKED,CONSENT_REVOKED,CONSENT_REVOKED,CONSENT_REVOKED,CONSENT_REVOKED,CONSENT_REVOKED,CONSENT_REVOKED,CONSENT_REVOKED,CONSENT_REVOKED,CONSENT_REVOKED
67a5e8f36b21160161e6d963,587b7ab8c192390001d60136,APPROVED,Not Applicable,2025-02-07T11:05:29.226000Z,2025-02-07T11:05:49.014000Z,2025-02-07T11:06:28.212000Z,2025-02-07T11:05:52.108074Z,20.0,CT07DN9I,1352,English,60,Female,White,United Kingdom,United Kingdom,United Kingdom,English,No,"Not in paid work (e.g. homemaker', 'retired or disabled)"
67a5eaa59b1157a96c4f1182,59b69d4fb269ef0001801733,APPROVED,Not Applicable,2025-02-07T11:12:37.164000Z,2025-02-07T11:13:01.721000Z,2025-02-07T11:13:48.465000Z,2025-02-07T11:13:02.882373Z,25.0,CT07DN9I,2643,English,38,Male,Mixed,United Kingdom,United Kingdom,United Kingdom,English,DATA_EXPIRED,DATA_EXPIRED
67a5eba3b592b1259dbb8fbb,5e10d9187f08ed7b5d86a277,APPROVED,Not Applicable,2025-02-07T11:18:39.622000Z,2025-02-07T11:19:05.722000Z,2025-02-07T11:19:24.147000Z,2025-02-07T11:19:27.453200Z,27.0,CT07DN9I,1265,English,58,Male,White,United Kingdom,United Kingdom,United Kingdom,English,No,Full-Time
67a5ebd1e5ef0129459a9810,617470f0ed966e30b2f8a11b,APPROVED,Not Applicable,2025-02-07T11:17:43.881000Z,2025-02-07T11:18:04.129000Z,2025-02-07T11:18:09.409000Z,2025-02-07T11:18:27.662126Z,21.0,CT07DN9I,633,English,26,Female,White,United Kingdom,United Kingdom,United Kingdom,English,DATA_EXPIRED,DATA_EXPIRED
67a5ec136b21160161e6da33,5efcc0d6ae9c480b8534642f,RETURNED,Not Applicable,2025-02-07T11:18:43.701000Z,,,2025-02-07T11:24:12.979764Z,,,434,CONSENT_REVOKED,CONSENT_REVOKED,CONSENT_REVOKED,CONSENT_REVOKED,CONSENT_REVOKED,CONSENT_REVOKED,CONSENT_REVOKED,CONSENT_REVOKED,CONSENT_REVOKED,CONSENT_REVOKED
67a5ec4ae868afd2f5ea7811,591af41cdf2e7600018c0b0b,RETURNED,Not Applicable,2025-02-07T11:19:43.527000Z,2025-02-07T11:19:54.290000Z,,2025-02-20T10:52:37.852072Z,,C119OUC7,126,CONSENT_REVOKED,CONSENT_REVOKED,CONSENT_REVOKED,CONSENT_REVOKED,CONSENT_REVOKED,CONSENT_REVOKED,CONSENT_REVOKED,CONSENT_REVOKED,CONSENT_REVOKED,CONSENT_REVOKED
67a5ec8639ff4f7c1ebaca38,5e9b60ab511e7a0650994050,APPROVED,Not Applicable,2025-02-07T11:21:49.268000Z,2025-02-07T11:22:02.634000Z,2025-02-07T11:22:55.328000Z,2025-02-07T11:22:03.415923Z,14.0,CT07DN9I,3065,English,45,Male,White,United Kingdom,United Kingdom,United Kingdom,English,No,Full-Time
67a5ec909b1157a96c4f11ef,6687ef9bb3207f5e525c1a82,APPROVED,Not Applicable,2025-02-07T11:21:05.446000Z,2025-02-07T11:21:45.179000Z,2025-02-07T11:21:46.122000Z,2025-02-07T11:21:45.951884Z,40.0,CT07DN9I,131,English,24,Female,White,United Kingdom,United Kingdom,United Kingdom,English,No,Part-Time
67a5ecd0d2fb1d326a6509ef,64772fe9752146745277bc45,APPROVED,Not Applicable,2025-02-07T11:21:52.274000Z,2025-02-07T11:22:17.344000Z,2025-02-07T11:22:56.715000Z,2025-02-07T11:22:18.042521Z,26.0,CT07DN9I,999,English,58,Female,White,United Kingdom,United Kingdom,United Kingdom,English,No,Part-Time
67b6fc8b74280a20dcdc0a1a,5c634aca9d0d7000012479a0,APPROVED,Not Applicable,2025-02-20T09:58:21.003000Z,2025-02-20T09:58:45.334000Z,2025-02-20T09:59:05.831000Z,2025-02-20T10:58:51.521354Z,25.0,CT07DN9I,1380,English,37,Male,White,United Kingdom,United Kingdom,United Kingdom,English,DATA_EXPIRED,DATA_EXPIRED
67b6fc9633bf09f63335e958,610a879e6500d1d653b3da54,APPROVED,Not Applicable,2025-02-20T09:57:58.523000Z,2025-02-20T09:58:36.715000Z,2025-02-20T09:58:37.532000Z,2025-02-20T09:58:37.409174Z,39.0,CT07DN9I,2682,English,57,Male,White,United Kingdom,United Kingdom,United Kingdom,English,No,"Not in paid work (e.g. homemaker', 'retired or disabled)"
67b6fc997fb41eeb0be195ce,5d404c6a584cc80017e81001,RETURNED,Not Applicable,2025-02-20T10:07:45.957000Z,,,2025-02-20T10:52:37.857345Z,,,2503,CONSENT_REVOKED,CONSENT_REVOKED,CONSENT_REVOKED,CONSENT_REVOKED,CONSENT_REVOKED,CONSENT_REVOKED,CONSENT_REVOKED,CONSENT_REVOKED,CONSENT_REVOKED,CONSENT_REVOKED
67b6fc9a1d3e2479024062f8,62d138e361857aef127c9e8b,RETURNED,Not Applicable,2025-02-20T10:07:46.832000Z,,,2025-02-20T10:52:37.864861Z,,,1703,CONSENT_REVOKED,CONSENT_REVOKED,CONSENT_REVOKED,CONSENT_REVOKED,CONSENT_REVOKED,CONSENT_REVOKED,CONSENT_REVOKED,CONSENT_REVOKED,CONSENT_REVOKED,CONSENT_REVOKED
67b6fca81496301720072e98,64203836cc2a802088981415,RETURNED,Not Applicable,2025-02-20T10:08:00.622000Z,,,2025-02-20T10:52:37.859119Z,,,825,CONSENT_REVOKED,CONSENT_REVOKED,CONSENT_REVOKED,CONSENT_REVOKED,CONSENT_REVOKED,CONSENT_REVOKED,CONSENT_REVOKED,CONSENT_REVOKED,CONSENT_REVOKED,CONSENT_REVOKED
67b6fcbea18f746962b8a06a,622a35c96d9060c175184c93,APPROVED,Not Applicable,2025-02-20T09:58:51.342000Z,2025-02-20T09:59:23.099000Z,2025-02-20T09:59:24.047000Z,2025-02-20T09:59:23.947963Z,32.0,CT07DN9I,2022,English,63,Female,White,United Kingdom,United Kingdom,United Kingdom,English,No,"Not in paid work (e.g. homemaker', 'retired or disabled)"
67b6fccf3bf395c64be3359c,60b2a61a5f5fc41e13e6ed15,APPROVED,Not Applicable,2025-02-20T09:58:48.859000Z,2025-02-20T09:59:24.910000Z,2025-02-20T09:59:25.617000Z,2025-02-20T09:59:25.538361Z,37.0,CT07DN9I,795,English,39,Male,White,United Kingdom,United Kingdom,United Kingdom,English,No,Full-Time
67b6fce1cac1ef48ac8a5308,676998e4f6daae6e1a643595,APPROVED,Not Applicable,2025-02-20T09:58:57.784000Z,2025-02-20T09:59:32.285000Z,2025-02-20T09:59:33.087000Z,2025-02-20T09:59:32.971747Z,35.0,CT07DN9I,14,English,20,Female,Black,United Kingdom,United Kingdom,United Kingdom,English,Yes,"Not in paid work (e.g. homemaker', 'retired or disabled)"
67b6fd082ae69bf928cf7940,676ab61ef1439730a67b223f,APPROVED,Not Applicable,2025-02-20T09:59:42.262000Z,2025-02-20T10:00:17.774000Z,2025-02-20T10:00:18.508000Z,2025-02-20T10:00:18.427766Z,36.0,CT07DN9I,21,English,33,Male,Black,Nigeria,United Kingdom,Nigeria,English,No,Full-Time
67b6fd087d3a9c68f6371700,63e5747f1eb29ec68ae2ddd6,RETURNED,Not Applicable,2025-02-20T09:59:36.933000Z,,,2025-02-20T10:52:37.867295Z,,,583,CONSENT_REVOKED,CONSENT_REVOKED,CONSENT_REVOKED,CONSENT_REVOKED,CONSENT_REVOKED,CONSENT_REVOKED,CONSENT_REVOKED,CONSENT_REVOKED,CONSENT_REVOKED,CONSENT_REVOKED
67b6fd0d54bda0f237fd0186,653e665b74e28199021b63b6,RETURNED,Not Applicable,2025-02-20T09:59:44.372000Z,2025-02-20T09:59:58.926000Z,,2025-02-20T10:52:37.874518Z,,C119OUC7,421,CONSENT_REVOKED,CONSENT_REVOKED,CONSENT_REVOKED,CONSENT_REVOKED,CONSENT_REVOKED,CONSENT_REVOKED,CONSENT_REVOKED,CONSENT_REVOKED,CONSENT_REVOKED,CONSENT_REVOKED
67b6fd14d218354a326f315d,6659f6ef84884698f437bead,RETURNED,Not Applicable,2025-02-20T10:09:48.948000Z,,,2025-02-20T10:52:37.871473Z,,,358,CONSENT_REVOKED,CONSENT_REVOKED,CONSENT_REVOKED,CONSENT_REVOKED,CONSENT_REVOKED,CONSENT_REVOKED,CONSENT_REVOKED,CONSENT_REVOKED,CONSENT_REVOKED,CONSENT_REVOKED
67b6fd1629b5dc4582dfc10b,600606925db9c892b3939202,APPROVED,Not Applicable,2025-02-20T10:00:45.554000Z,2025-02-20T10:01:04.217000Z,2025-02-20T10:01:36.215000Z,2025-02-20T10:01:04.801195Z,19.0,CT07DN9I,690,English,33,Female,White,United Kingdom,United Kingdom,United Kingdom,English,No,Full-Time
67b6fd165ba06587f09db9af,60b3d51e5faeb57cea9ecda6,APPROVED,Not Applicable,2025-02-20T10:03:52.135000Z,2025-02-20T10:04:23.623000Z,2025-02-20T10:04:24.324000Z,2025-02-20T10:04:24.214711Z,32.0,CT07DN9I,2130,English,37,Male,White,United Kingdom,United Kingdom,United Kingdom,English,No,Full-Time
67b6fd1a959800c257cb7561,66f4147ffea1a6689de3a7ac,APPROVED,Not Applicable,2025-02-20T10:00:19.750000Z,2025-02-20T10:01:03.824000Z,2025-02-20T10:01:04.538000Z,2025-02-20T10:01:04.448150Z,45.0,CT07DN9I,499,English,32,Male,Black,United Kingdom,United Kingdom,United Kingdom,English,No,Part-Time
67b6fd22959800c257cb756e,66ae405b697e97b6ddc29d1f,RETURNED,Not Applicable,2025-02-20T10:10:02.775000Z,,,2025-02-20T10:52:37.868959Z,,,425,CONSENT_REVOKED,CONSENT_REVOKED,CONSENT_REVOKED,CONSENT_REVOKED,CONSENT_REVOKED,CONSENT_REVOKED,CONSENT_REVOKED,CONSENT_REVOKED,CONSENT_REVOKED,CONSENT_REVOKED
67b6fd24c3d59a65a3b28735,62a1d88a5d0482a69726950c,APPROVED,Not Applicable,2025-02-20T10:00:11.947000Z,2025-02-20T10:00:30.459000Z,2025-02-20T10:01:33.849000Z,2025-02-20T10:00:31.164206Z,19.0,CT07DN9I,1156,English,31,Female,White,United Kingdom,United Kingdom,United Kingdom,English,No,Part-Time
67b6fd3aad0c773e7dbe4e8a,581f6c63930a280001062e8c,APPROVED,Not Applicable,2025-02-20T10:01:11.803000Z,2025-02-20T10:01:35.816000Z,2025-02-20T10:01:53.464000Z,2025-02-20T10:01:36.421303Z,25.0,CT07DN9I,1508,English,30,Female,White,United Kingdom,United Kingdom,United Kingdom,English,No,Full-Time
67b6fd3bf91fc9c086be4e35,6776db5ec2686c027926581e,APPROVED,Not Applicable,2025-02-20T10:00:27.706000Z,2025-02-20T10:01:16.379000Z,2025-02-20T10:01:17.206000Z,2025-02-20T10:01:17.078680Z,49.0,CT07DN9I,45,English,18,Male,White,United Kingdom,United Kingdom,United Kingdom,English,Yes,Unemployed (and job seeking)
67b6fd4a857b620fe1cfb62d,5adb3e135f327e0001fb329c,APPROVED,Not Applicable,2025-02-20T10:00:42.272000Z,2025-02-20T10:01:23.791000Z,2025-02-20T10:01:25.211000Z,2025-02-20T10:01:24.555803Z,42.0,CT07DN9I,2408,English,39,Female,White,United Kingdom,United Kingdom,United Kingdom,English,No,"Not in paid work (e.g. homemaker', 'retired or disabled)"
67b6fd8e959800c257cb7626,661be27556530b14d5cacfc8,RETURNED,Not Applicable,2025-02-20T10:11:50.646000Z,,,2025-02-20T10:52:37.884091Z,,,251,CONSENT_REVOKED,CONSENT_REVOKED,CONSENT_REVOKED,CONSENT_REVOKED,CONSENT_REVOKED,CONSENT_REVOKED,CONSENT_REVOKED,CONSENT_REVOKED,CONSENT_REVOKED,CONSENT_REVOKED
67b6fd93d14a93b3b69887b8,66aa58846eab0c32e99b4065,APPROVED,Not Applicable,2025-02-20T10:01:59.663000Z,2025-02-20T10:02:24.783000Z,2025-02-20T10:02:32.573000Z,2025-02-20T10:02:25.302399Z,26.0,CT07DN9I,269,English,26,Female,White,Canada,United Kingdom,Canada,English,No,Full-Time
67b6fd9928fd73eaf2925606,667987ee48ef12debe279619,APPROVED,Not Applicable,2025-02-20T10:02:59.508000Z,2025-02-20T10:03:28.027000Z,2025-02-20T10:03:45.808000Z,2025-02-20T10:03:28.633539Z,29.0,CT07DN9I,471,English,34,Female,White,United Kingdom,United Kingdom,United Kingdom,English,No,Full-Time
67b6fda785bb796acb8a54e5,648495d7f7f8e6efc7759484,APPROVED,Not Applicable,2025-02-20T10:02:23.599000Z,2025-02-20T10:02:41.879000Z,2025-02-20T10:03:46.298000Z,2025-02-20T10:02:42.647034Z,19.0,CT07DN9I,519,English,54,Female,White,United Kingdom,United Kingdom,United Kingdom,English,No,Full-Time
67b6fdd41b440b04f2275c3e,5b8bf5dd7b334200011da4aa,APPROVED,Not Applicable,2025-02-20T10:03:50.272000Z,2025-02-20T10:04:14.411000Z,2025-02-20T10:04:22.252000Z,2025-02-20T10:04:15.251818Z,25.0,CT07DN9I,998,English,25,Female,White,United Kingdom,United Kingdom,United Kingdom,English,No,Full-Time
67b6fddadf50e0607138c993,66cf346c8d197fa5b7fe6207,APPROVED,Not Applicable,2025-02-20T10:03:15.145000Z,2025-02-20T10:03:31.224000Z,2025-02-20T10:03:46.587000Z,2025-02-20T10:03:31.748414Z,17.0,CT07DN9I,342,English,53,Male,White,United Kingdom,United Kingdom,United Kingdom,English,No,Full-Time
67b6fe192ae69bf928cf7af0,677d3fbfbb2df9271e66b263,APPROVED,Not Applicable,2025-02-20T10:04:16.307000Z,2025-02-20T10:04:29.647000Z,2025-02-20T10:05:03.115000Z,2025-02-20T10:04:30.287166Z,14.0,CT07DN9I,97,English,25,Female,White,United Kingdom,United Kingdom,United Kingdom,English,No,"Not in paid work (e.g. homemaker', 'retired or disabled)"
67b6fe1c84be7bd65f6892dc,6021c4832fdecb24a70f4746,RETURNED,Not Applicable,2025-02-20T10:14:12.526000Z,,,2025-02-20T10:52:37.873276Z,,,761,CONSENT_REVOKED,CONSENT_REVOKED,CONSENT_REVOKED,CONSENT_REVOKED,CONSENT_REVOKED,CONSENT_REVOKED,CONSENT_REVOKED,CONSENT_REVOKED,CONSENT_REVOKED,CONSENT_REVOKED
67b6fe774df8d7ca376f33af,5ea00a8a39c0f00008064b2b,APPROVED,Not Applicable,2025-02-20T10:05:43.244000Z,2025-02-20T10:06:13.445000Z,2025-02-20T10:06:14.135000Z,2025-02-20T10:06:14.070237Z,31.0,CT07DN9I,2630,English,62,Male,White,United Kingdom,United Kingdom,United Kingdom,English,No,Full-Time
67b6fe9ce17ac3a55fb8a2dd,66585d3f9dec7f7679398387,APPROVED,Not Applicable,2025-02-20T10:06:27.733000Z,2025-02-20T10:07:01.084000Z,2025-02-20T10:07:01.817000Z,2025-02-20T10:07:01.746825Z,34.0,CT07DN9I,470,English,56,Female,White,United Kingdom,United Kingdom,United Kingdom,English,No,Part-Time
67b6fe9f2362316d65ab3d22,55057a56fdf99b5b566a70bb,RETURNED,Not Applicable,2025-02-20T10:16:23.801000Z,,,2025-02-20T10:52:37.887205Z,,,3723,CONSENT_REVOKED,CONSENT_REVOKED,CONSENT_REVOKED,CONSENT_REVOKED,CONSENT_REVOKED,CONSENT_REVOKED,CONSENT_REVOKED,CONSENT_REVOKED,CONSENT_REVOKED,CONSENT_REVOKED
67b6fea0f02df2ad8ccc90db,5f0f6811a0ed4a11dbc57b79,APPROVED,Not Applicable,2025-02-20T10:06:24.411000Z,2025-02-20T10:09:36.842000Z,2025-02-20T10:09:37.469000Z,2025-02-20T10:09:37.377937Z,193.0,CT07DN9I,1974,"English, Urdu",46,Male,Asian,United Kingdom,United Kingdom,United Kingdom,English,No,Full-Time
67b6feb0f02df2ad8ccc90f4,6765867bd50d390b8e7852db,APPROVED,Not Applicable,2025-02-20T10:07:09.934000Z,2025-02-20T10:07:30.830000Z,2025-02-20T10:07:52.475000Z,2025-02-20T10:07:31.398597Z,21.0,CT07DN9I,19,English,27,Female,Asian,China,United Kingdom,China,Chinese,No,Full-Time
67b6feec2a1765da46b6b1e0,5aeabf2c15a9c300011acbc3,RETURNED,Not Applicable,2025-02-20T10:17:40.774000Z,,,2025-02-20T10:52:37.889949Z,,,1478,CONSENT_REVOKED,CONSENT_REVOKED,CONSENT_REVOKED,CONSENT_REVOKED,CONSENT_REVOKED,CONSENT_REVOKED,CONSENT_REVOKED,CONSENT_REVOKED,CONSENT_REVOKED,CONSENT_REVOKED
67b6ff12a18f746962b8a3f2,59b5a275c05bb50001eb3c4b,APPROVED,Not Applicable,2025-02-20T10:08:23.581000Z,2025-02-20T10:09:32.632000Z,2025-02-20T10:09:35.920000Z,2025-02-20T10:09:33.357389Z,70.0,CT07DN9I,1280,English,46,Male,White,United Kingdom,United Kingdom,United Kingdom,English,DATA_EXPIRED,DATA_EXPIRED
67b6ff29d1776834f9407542,6752efd86136ec83b4e576bc,APPROVED,Not Applicable,2025-02-20T10:09:56.884000Z,2025-02-20T10:10:41.827000Z,2025-02-20T10:10:42.667000Z,2025-02-20T10:10:42.585442Z,45.0,CT07DN9I,129,English,34,Male,Black,Nigeria,United Kingdom,Nigeria,English,No,Full-Time
67b6ff3929e464d0f938caf7,5fd2c2c727a4dc0da4da81f1,APPROVED,Not Applicable,2025-02-20T10:09:08.631000Z,2025-02-20T10:09:41.855000Z,2025-02-20T10:09:42.465000Z,2025-02-20T10:09:42.379743Z,34.0,CT07DN9I,169,English,49,Female,White,United Kingdom,United Kingdom,United Kingdom,English,No,Full-Time
67b6ff4cf91fc9c086be50e6,66502c8dc29366cf9a8b372f,APPROVED,Not Applicable,2025-02-20T10:09:30.897000Z,2025-02-20T10:09:53.634000Z,2025-02-20T10:12:47.848000Z,2025-02-20T10:09:54.144155Z,23.0,CT07DN9I,514,English,27,Male,White,United Kingdom,United Kingdom,United Kingdom,English,No,Part-Time
67b6ff6c121e10426445d954,5c97f7ed18a759001648027a,APPROVED,Not Applicable,2025-02-20T10:09:59.049000Z,2025-02-20T10:14:04.250000Z,2025-02-20T10:14:09.313000Z,2025-02-20T10:14:04.936225Z,246.0,CT07DN9I,739,English,32,Female,White,United Kingdom,United Kingdom,United Kingdom,English,No,Full-Time
67b6ffaa253417efb538c5de,5f54d772f5bba984fdf8676e,APPROVED,Not Applicable,2025-02-20T10:10:54.938000Z,2025-02-20T10:11:16.205000Z,2025-02-20T10:12:48.255000Z,2025-02-20T10:11:16.660221Z,22.0,CT07DN9I,1582,English,27,Female,Mixed,United Kingdom,United Kingdom,United Kingdom,English,DATA_EXPIRED,DATA_EXPIRED
67b6ffe0983d45462d2d8844,62e94c384f809b7d0831f4ea,APPROVED,Not Applicable,2025-02-20T10:11:59.466000Z,2025-02-20T10:12:16.126000Z,2025-02-20T10:12:48.637000Z,2025-02-20T10:12:16.722645Z,17.0,CT07DN9I,1961,English,34,Male,White,United Kingdom,United Kingdom,United Kingdom,English,No,Full-Time
67b6fff171c5ee9b95e339b9,5fe778f1116bbf5ae29431b2,RETURNED,Not Applicable,2025-02-20T10:12:08.699000Z,2025-02-20T10:12:25.549000Z,,2025-02-20T10:52:37.888392Z,,C119OUC7,1094,CONSENT_REVOKED,CONSENT_REVOKED,CONSENT_REVOKED,CONSENT_REVOKED,CONSENT_REVOKED,CONSENT_REVOKED,CONSENT_REVOKED,CONSENT_REVOKED,CONSENT_REVOKED,CONSENT_REVOKED
67b6fff1a913e67f6bc0739b,6136268099d74b519c1c9287,RETURNED,Not Applicable,2025-02-20T10:22:01.324000Z,,,2025-02-20T10:52:37.943297Z,,,478,CONSENT_REVOKED,CONSENT_REVOKED,CONSENT_REVOKED,CONSENT_REVOKED,CONSENT_REVOKED,CONSENT_REVOKED,CONSENT_REVOKED,CONSENT_REVOKED,CONSENT_REVOKED,CONSENT_REVOKED
67b70059c9d9f0f914bae927,56cf6e8d31a5bc0006e1cdf5,RETURNED,Not Applicable,2025-02-20T10:23:45.242000Z,,,2025-02-20T10:52:37.900621Z,,,4245,CONSENT_REVOKED,CONSENT_REVOKED,CONSENT_REVOKED,CONSENT_REVOKED,CONSENT_REVOKED,CONSENT_REVOKED,CONSENT_REVOKED,CONSENT_REVOKED,CONSENT_REVOKED,CONSENT_REVOKED
67b7006b7d71e9ccb3df09b7,611fa7b279901f96a0e5f2e3,APPROVED,Not Applicable,2025-02-20T10:14:23.155000Z,2025-02-20T10:15:34.193000Z,2025-02-20T10:15:37.442000Z,2025-02-20T10:15:35.311857Z,72.0,CT07DN9I,875,"Welsh, English",30,Female,White,United Kingdom,United Kingdom,United Kingdom,Welsh,No,Full-Time
67b700bed4f12e6875d4bca3,6101558002f647907b993980,AWAITING REVIEW,Not Applicable,2025-02-20T10:15:48.502000Z,2025-02-20T10:16:23.870000Z,,2025-02-20T10:16:24.524600Z,36.0,C119OUC7,2039,English,54,Male,White,United Kingdom,United Kingdom,United Kingdom,English,No,Full-Time
67b700e20d5d24385e7c589d,5797564b70c76a0001245734,APPROVED,Not Applicable,2025-02-20T10:16:44.478000Z,2025-02-20T10:17:01.877000Z,2025-02-20T10:19:15.947000Z,2025-02-20T10:17:02.420465Z,18.0,CT07DN9I,3464,English,37,Male,White,United Kingdom,United Kingdom,United Kingdom,English,No,Full-Time
67b7014a5dedbfdb18403712,60461bfeeac81b04cf62f7a6,RETURNED,Not Applicable,2025-02-20T10:17:46.708000Z,,,2025-02-20T10:52:37.903172Z,,,2307,CONSENT_REVOKED,CONSENT_REVOKED,CONSENT_REVOKED,CONSENT_REVOKED,CONSENT_REVOKED,CONSENT_REVOKED,CONSENT_REVOKED,CONSENT_REVOKED,CONSENT_REVOKED,CONSENT_REVOKED
67b701abc7cf7d58ff1b9a68,5acd63a20527ba0001c28078,APPROVED,Not Applicable,2025-02-20T10:19:29.234000Z,2025-02-20T10:19:56.931000Z,2025-02-20T10:20:13.623000Z,2025-02-20T10:19:57.491548Z,28.0,CT07DN9I,1923,English,63,Male,White,United Kingdom,United Kingdom,United Kingdom,English,No,Full-Time
67b701be001f0d15e137759b,5e459f61418f610891628564,APPROVED,Not Applicable,2025-02-20T10:20:03.227000Z,2025-02-20T10:20:21.876000Z,2025-02-20T10:20:54.973000Z,2025-02-20T10:20:22.406357Z,19.0,CT07DN9I,2768,English,35,Male,White,United Kingdom,United Kingdom,United Kingdom,English,No,Full-Time
67b701d77ae45ee48dd77684,673789bed0ce05cea7ae8a9f,APPROVED,Not Applicable,2025-02-20T10:25:03.619000Z,2025-02-20T10:27:11.101000Z,2025-02-20T10:27:11.868000Z,2025-02-20T10:27:11.784142Z,128.0,CT07DN9I,274,English,34,Female,Black,United Kingdom,United Kingdom,United Kingdom,English,No,Full-Time
67b701f3211cb21f4afe967e,6151c41b95d411bbd67481ad,RETURNED,Not Applicable,2025-02-20T10:20:35.741000Z,,,2025-02-20T10:52:37.965571Z,,,514,CONSENT_REVOKED,CONSENT_REVOKED,CONSENT_REVOKED,CONSENT_REVOKED,CONSENT_REVOKED,CONSENT_REVOKED,CONSENT_REVOKED,CONSENT_REVOKED,CONSENT_REVOKED,CONSENT_REVOKED
67b702361270341bc5fdb043,6120e3a34f6ad742437d6c95,APPROVED,Not Applicable,2025-02-20T10:21:47.281000Z,2025-02-20T10:21:58.138000Z,2025-02-20T10:22:09.333000Z,2025-02-20T10:21:58.796202Z,11.0,CT07DN9I,2351,English,40,Male,White,United Kingdom,United Kingdom,United Kingdom,English,No,Full-Time
67b70278cbc4ab4eafaf2a1d,671ccd472389ecce30562f88,APPROVED,Not Applicable,2025-02-20T10:23:20.548000Z,2025-02-20T10:27:00.580000Z,2025-02-20T10:27:02.996000Z,2025-02-20T10:27:01.491119Z,221.0,CT07DN9I,224,English,49,Male,White,United Kingdom,United Kingdom,United Kingdom,English,No,Part-Time
67b702ced9f2497e1060fcbc,662f787db43293da9456adb8,TIMED-OUT,Not Applicable,2025-02-20T10:24:23.296000Z,,,2025-02-20T10:52:37.904138Z,1695.0,,180,English,28,Female,White,Belgium,United Kingdom,United Kingdom,English,DATA_EXPIRED,DATA_EXPIRED
67b703537abc9fd9ab87016d,669ccec35c9a0ab8c376a0ae,RETURNED,Not Applicable,2025-02-20T10:36:27.238000Z,,,2025-02-20T10:52:37.915376Z,,,452,CONSENT_REVOKED,CONSENT_REVOKED,CONSENT_REVOKED,CONSENT_REVOKED,CONSENT_REVOKED,CONSENT_REVOKED,CONSENT_REVOKED,CONSENT_REVOKED,CONSENT_REVOKED,CONSENT_REVOKED
67b703fc9a6eb170c6a87beb,5f884590af7e0e2c123d766c,APPROVED,Not Applicable,2025-02-20T10:29:22.588000Z,2025-02-20T10:29:47.830000Z,2025-02-20T10:31:23.168000Z,2025-02-20T10:29:48.352944Z,26.0,CT07DN9I,238,English,34,Female,Mixed,Colombia,United Kingdom,Colombia,Spanish,No,Full-Time
67b7091649ca9c0b2f122b9c,676593d5521529ccc9b41e31,APPROVED,Not Applicable,2025-02-20T10:51:08.639000Z,2025-02-20T10:51:26.411000Z,2025-02-20T10:51:34.734000Z,2025-02-20T10:51:27.412974Z,18.0,CT07DN9I,18,English,36,Female,White,United Kingdom,United Kingdom,United Kingdom,English,No,Full-Time
67b84f92c72ad7e552e5b4e1,667036b249e2a326c8617fa6,RETURNED,Not Applicable,2025-02-21T10:14:02.746000Z,,,2025-02-21T10:30:03.286504Z,,,576,CONSENT_REVOKED,CONSENT_REVOKED,CONSENT_REVOKED,CONSENT_REVOKED,CONSENT_REVOKED,CONSENT_REVOKED,CONSENT_REVOKED,CONSENT_REVOKED,CONSENT_REVOKED,CONSENT_REVOKED
67b84f938c84b38603729fab,660a6b953836d16312814993,APPROVED,Not Applicable,2025-02-21T10:04:52.529000Z,2025-02-21T10:05:11.271000Z,2025-02-21T10:15:08.978000Z,2025-02-21T10:05:11.883663Z,19.0,CT07DN9I,735,"English, Scots",32,Male,White,United Kingdom,United Kingdom,United Kingdom,English,No,Full-Time
67b84f970697a3705b89eadd,6266a4e5846e1e41812a0432,APPROVED,Not Applicable,2025-02-21T10:04:23.287000Z,2025-02-21T10:04:42.469000Z,2025-02-21T10:15:09.357000Z,2025-02-21T10:04:43.093894Z,20.0,CT07DN9I,2524,English,52,Male,White,United Kingdom,United Kingdom,United Kingdom,English,No,Full-Time
67b84f974fd88a29582019a1,58713c5e58ca4c00018ce3ea,APPROVED,Not Applicable,2025-02-21T10:04:47.787000Z,2025-02-21T10:05:56.016000Z,2025-02-21T10:05:57.171000Z,2025-02-21T10:05:57.099614Z,69.0,CT07DN9I,4370,English,56,Female,White,United Kingdom,United Kingdom,United Kingdom,English,No,Full-Time
67b84f98c72ad7e552e5b4e7,629f6b8c65fcae219e245284,RETURNED,Not Applicable,2025-02-21T10:04:51.120000Z,2025-02-21T10:05:10.400000Z,,2025-02-21T10:30:03.287925Z,,C119OUC7,2811,CONSENT_REVOKED,CONSENT_REVOKED,CONSENT_REVOKED,CONSENT_REVOKED,CONSENT_REVOKED,CONSENT_REVOKED,CONSENT_REVOKED,CONSENT_REVOKED,CONSENT_REVOKED,CONSENT_REVOKED
67b84f99f0702ca80f079853,66d8b97c04e834ccf2c5a2bb,RETURNED,Not Applicable,2025-02-21T10:04:13.469000Z,,,2025-02-21T10:30:03.293952Z,,,355,CONSENT_REVOKED,CONSENT_REVOKED,CONSENT_REVOKED,CONSENT_REVOKED,CONSENT_REVOKED,CONSENT_REVOKED,CONSENT_REVOKED,CONSENT_REVOKED,CONSENT_REVOKED,CONSENT_REVOKED
67b84f9a169c451809b9cd06,5ee637a18976fc391312fe01,APPROVED,Not Applicable,2025-02-21T10:06:09.805000Z,2025-02-21T10:06:35.970000Z,2025-02-21T10:15:09.586000Z,2025-02-21T10:06:36.607526Z,27.0,CT07DN9I,3179,English,49,Male,White,United Kingdom,United Kingdom,United Kingdom,English,No,Full-Time
67b84f9a169c451809b9cd08,64f3036a5b5f2feae0b1f51b,APPROVED,Not Applicable,2025-02-21T10:05:02.231000Z,2025-02-21T10:05:34.430000Z,2025-02-21T10:05:35.130000Z,2025-02-21T10:05:35.049035Z,33.0,CT07DN9I,1053,English,34,Female,Other,Saint Helena,United Kingdom,United Kingdom,English,No,Other
67b84f9b5b8254ef9ffd65ef,5a75b131eea3d300016ddc70,APPROVED,Not Applicable,2025-02-21T10:04:11.333000Z,2025-02-21T10:05:50.731000Z,2025-02-21T10:05:51.559000Z,2025-02-21T10:05:51.472041Z,100.0,CT07DN9I,4125,English,44,Male,Mixed,United Kingdom,United Kingdom,United Kingdom,English,No,Part-Time
67b84f9c9596e0c01541a7d5,63174af7d57182f9bf90c094,APPROVED,Not Applicable,2025-02-21T10:04:12.660000Z,2025-02-21T10:04:56.727000Z,2025-02-21T10:04:57.435000Z,2025-02-21T10:04:57.382060Z,45.0,CT07DN9I,2943,"English, French, Italian, Spanish",44,Male,White,United Kingdom,United Kingdom,United Kingdom,English,No,Full-Time
67b84f9cc92cc376c64c3759,6015966a246e51095f2235e7,APPROVED,Not Applicable,2025-02-21T10:04:15.419000Z,2025-02-21T10:04:45.782000Z,2025-02-21T10:04:46.416000Z,2025-02-21T10:04:46.398443Z,31.0,CT07DN9I,1247,English,41,Female,Black,United Kingdom,United Kingdom,United Kingdom,English,DATA_EXPIRED,DATA_EXPIRED
67b84f9ddc56bfec7dd2d049,615cb147f04efc8a8c2ff1e5,RETURNED,Not Applicable,2025-02-21T10:04:13.942000Z,,,2025-02-21T10:30:03.293401Z,,,1425,CONSENT_REVOKED,CONSENT_REVOKED,CONSENT_REVOKED,CONSENT_REVOKED,CONSENT_REVOKED,CONSENT_REVOKED,CONSENT_REVOKED,CONSENT_REVOKED,CONSENT_REVOKED,CONSENT_REVOKED
67b84fb0230b816cd25c90e4,672df806e7c2f55e8e2bf477,APPROVED,Not Applicable,2025-02-21T10:04:32.527000Z,2025-02-21T10:05:32.962000Z,2025-02-21T10:05:33.859000Z,2025-02-21T10:05:33.775883Z,61.0,CT07DN9I,399,English,31,Female,White,United Kingdom,United Kingdom,United Kingdom,English,No,"Not in paid work (e.g. homemaker', 'retired or disabled)"
67b84fbe3aad6d68a9c31cf8,662e3e72d494903379b6956a,APPROVED,Not Applicable,2025-02-21T10:06:32.465000Z,2025-02-21T10:07:13.621000Z,2025-02-21T10:07:16.417000Z,2025-02-21T10:07:14.296065Z,42.0,CT07DN9I,993,English,30,Male,Black,United Kingdom,United Kingdom,United Kingdom,English,No,Full-Time
67b84fcac91b9e7822dab21c,676d70fb609bf3532889f9f8,APPROVED,Not Applicable,2025-02-21T10:05:12.899000Z,2025-02-21T10:06:29.639000Z,2025-02-21T10:06:31.418000Z,2025-02-21T10:06:30.206677Z,77.0,CT07DN9I,48,English,32,Male,Black,DATA_EXPIRED,United Kingdom,United Kingdom,English,Yes,Part-Time
67b84fce864d93c78a640e83,6658b1bc9b9cd1a0f1a2538b,APPROVED,Not Applicable,2025-02-21T10:05:12.229000Z,2025-02-21T10:05:30.781000Z,2025-02-21T10:15:09.818000Z,2025-02-21T10:05:31.711764Z,19.0,CT07DN9I,101,English,24,Female,White,United Kingdom,United Kingdom,United Kingdom,English,No,Full-Time
67b84fe367e53e44d14e68f9,5c60501d767686000100150c,APPROVED,Not Applicable,2025-02-21T10:05:23.604000Z,2025-02-21T10:06:11.705000Z,2025-02-21T10:06:14.329000Z,2025-02-21T10:06:12.507141Z,49.0,CT07DN9I,2635,English,56,Female,White,United Kingdom,United Kingdom,United Kingdom,English,No,"Not in paid work (e.g. homemaker', 'retired or disabled)"
67b84fe5dcd7632d4096f653,5cf765f7b026f40001fe1bc6,APPROVED,Not Applicable,2025-02-21T10:05:25.800000Z,2025-02-21T10:06:28.084000Z,2025-02-21T10:06:28.824000Z,2025-02-21T10:06:28.753082Z,63.0,CT07DN9I,1019,English,36,Female,White,United Kingdom,United Kingdom,United Kingdom,English,No,Part-Time
67b8500b4760bb9bce5f6a4b,66601c2ba9e0e765393cb695,RETURNED,Not Applicable,2025-02-21T10:06:07.801000Z,2025-02-21T10:06:20.013000Z,,2025-02-21T10:30:03.314601Z,,C119OUC7,470,CONSENT_REVOKED,CONSENT_REVOKED,CONSENT_REVOKED,CONSENT_REVOKED,CONSENT_REVOKED,CONSENT_REVOKED,CONSENT_REVOKED,CONSENT_REVOKED,CONSENT_REVOKED,CONSENT_REVOKED
67b8500e5ef8d92bc821948a,60886f033e4f5c214da0c898,APPROVED,Not Applicable,2025-02-21T10:07:35.047000Z,2025-02-21T10:07:56.797000Z,2025-02-21T10:15:10.058000Z,2025-02-21T10:07:57.586493Z,22.0,CT07DN9I,2359,English,49,Female,White,United Kingdom,United Kingdom,United Kingdom,English,No,Part-Time
67b8500e67e53e44d14e6907,67633e21c1dbfc7844faf425,RETURNED,Not Applicable,2025-02-21T10:16:06.953000Z,,,2025-02-21T10:30:03.300873Z,,,194,CONSENT_REVOKED,CONSENT_REVOKED,CONSENT_REVOKED,CONSENT_REVOKED,CONSENT_REVOKED,CONSENT_REVOKED,CONSENT_REVOKED,CONSENT_REVOKED,CONSENT_REVOKED,CONSENT_REVOKED
67b850108d7b19f0eb5735dc,66d890366a2497885067a8f8,APPROVED,Not Applicable,2025-02-21T10:06:45.607000Z,2025-02-21T10:07:12.765000Z,2025-02-21T10:15:10.753000Z,2025-02-21T10:07:13.258330Z,28.0,CT07DN9I,469,English,33,Male,White,United Kingdom,United Kingdom,United Kingdom,English,No,Full-Time
67b850140fbd085ed7a16756,676582ce8948af9588e17a04,APPROVED,Not Applicable,2025-02-21T10:10:46.144000Z,2025-02-21T10:11:26.494000Z,2025-02-21T10:11:27.195000Z,2025-02-21T10:11:27.098761Z,41.0,CT07DN9I,42,English,25,Female,Black,Nigeria,United Kingdom,United Kingdom,English,No,Full-Time
67b8501d67c711be5293690b,55885582fdf99b4021921fbd,RETURNED,Not Applicable,2025-02-21T10:06:21.056000Z,,,2025-02-21T10:30:03.306960Z,,,4825,CONSENT_REVOKED,CONSENT_REVOKED,CONSENT_REVOKED,CONSENT_REVOKED,CONSENT_REVOKED,CONSENT_REVOKED,CONSENT_REVOKED,CONSENT_REVOKED,CONSENT_REVOKED,CONSENT_REVOKED
67b85020cb63a41c93a30460,676aab686910868d517890b6,RETURNED,Not Applicable,2025-02-21T10:06:53.548000Z,2025-02-21T10:07:34.705000Z,,2025-02-21T10:30:03.351280Z,,C119OUC7,27,CONSENT_REVOKED,CONSENT_REVOKED,CONSENT_REVOKED,CONSENT_REVOKED,CONSENT_REVOKED,CONSENT_REVOKED,CONSENT_REVOKED,CONSENT_REVOKED,CONSENT_REVOKED,CONSENT_REVOKED
67b8502105fa5a8fee67b31d,67390dd94909abc2cafc84da,APPROVED,Not Applicable,2025-02-21T10:07:00.458000Z,2025-02-21T10:07:34.038000Z,2025-02-21T10:07:34.951000Z,2025-02-21T10:07:34.855614Z,34.0,CT07DN9I,173,English,26,Female,White,United Kingdom,United Kingdom,United Kingdom,English,No,Full-Time
67b85023877dc019bb41c84d,677c2fc7d34ead450c40271e,APPROVED,Not Applicable,2025-02-21T10:06:48.347000Z,2025-02-21T10:07:11.537000Z,2025-02-21T10:15:10.993000Z,2025-02-21T10:07:12.159482Z,24.0,CT07DN9I,22,English,23,Male,White,United Kingdom,United Kingdom,United Kingdom,English,No,Full-Time
67b850253dc619eab3a16478,665f5b11085e3574cdc7cde3,APPROVED,Not Applicable,2025-02-21T10:06:40.343000Z,2025-02-21T10:07:16.101000Z,2025-02-21T10:07:16.937000Z,2025-02-21T10:07:16.796426Z,36.0,CT07DN9I,441,English,34,Female,White,United Kingdom,United Kingdom,United Kingdom,English,No,Full-Time
67b85029bf330fc80a70cb3e,596e000bfb7959000162f52f,APPROVED,Not Applicable,2025-02-21T10:06:41.746000Z,2025-02-21T10:07:20.705000Z,2025-02-21T10:07:21.494000Z,2025-02-21T10:07:21.425170Z,39.0,CT07DN9I,1299,English,40,Female,White,United Kingdom,United Kingdom,United Kingdom,English,No,Full-Time
67b8502efcdd93084c37e3ca,659c01027a942e6d4d2bd6a4,APPROVED,Not Applicable,2025-02-21T10:06:43.345000Z,2025-02-21T10:07:02.588000Z,2025-02-21T10:15:11.252000Z,2025-02-21T10:07:03.302220Z,20.0,CT07DN9I,260,English,46,Female,White,United Kingdom,United Kingdom,United Kingdom,English,Yes,Full-Time
67b8502f1b520ff7c7201a43,677ef0198fc5d8193c009e35,APPROVED,Not Applicable,2025-02-21T10:08:39.734000Z,2025-02-21T10:09:10.828000Z,2025-02-21T10:09:11.809000Z,2025-02-21T10:09:11.578346Z,32.0,CT07DN9I,49,English,39,Female,Other,United Kingdom,United Kingdom,United Kingdom,English,No,Full-Time
67b850359f6409037e5d6d83,676578b520552faa04a8ef83,APPROVED,Not Applicable,2025-02-21T10:06:45.408000Z,2025-02-21T10:07:52.826000Z,2025-02-21T10:07:53.501000Z,2025-02-21T10:07:53.413347Z,68.0,CT07DN9I,25,English,31,Female,White,Albania,United Kingdom,Albania,Albanian,No,Full-Time
67b8503688e8c1cd8da19374,671ce69ff883fe3c3ae81cdf,APPROVED,Not Applicable,2025-02-21T10:07:09.002000Z,2025-02-21T10:07:34.252000Z,2025-02-21T10:15:11.517000Z,2025-02-21T10:07:34.844140Z,26.0,CT07DN9I,190,English,46,Female,White,United Kingdom,United Kingdom,United Kingdom,English,No,Full-Time
67b8504e5b8254ef9ffd661a,5c5c8b70758f310001ed429a,APPROVED,Not Applicable,2025-02-21T10:07:10.583000Z,2025-02-21T10:07:45.624000Z,2025-02-21T10:07:48.026000Z,2025-02-21T10:07:46.537624Z,36.0,CT07DN9I,2324,English,54,Male,White,United Kingdom,United Kingdom,United Kingdom,English,No,"Not in paid work (e.g. homemaker', 'retired or disabled)"
67b8507b0ac1defadd456161,66a41543adadffb17baf40b8,APPROVED,Not Applicable,2025-02-21T10:07:55.688000Z,2025-02-21T10:08:36.117000Z,2025-02-21T10:08:38.956000Z,2025-02-21T10:08:36.972450Z,41.0,CT07DN9I,613,English,48,Male,Black,Sweden,United Kingdom,Sweden,English,No,Full-Time
67b8508ef90e4da03eaf8bd8,6658d105095fc1ce71c51d57,APPROVED,Not Applicable,2025-02-21T10:09:53.344000Z,2025-02-21T10:10:27.117000Z,2025-02-21T10:10:27.773000Z,2025-02-21T10:10:27.685976Z,34.0,CT07DN9I,450,English,42,Female,White,United Kingdom,United Kingdom,United Kingdom,English,No,Unemployed (and job seeking)
67b85099e22555483103ccad,675c50222eb6fffa19afed8c,RETURNED,Not Applicable,2025-02-21T10:18:25.215000Z,,,2025-02-21T10:30:03.353604Z,,,139,CONSENT_REVOKED,CONSENT_REVOKED,CONSENT_REVOKED,CONSENT_REVOKED,CONSENT_REVOKED,CONSENT_REVOKED,CONSENT_REVOKED,CONSENT_REVOKED,CONSENT_REVOKED,CONSENT_REVOKED
67b850bd75572766e69fe262,5cec2831539ced0017fbc5f4,RETURNED,Not Applicable,2025-02-21T10:19:01.178000Z,,,2025-02-21T10:30:03.320589Z,,,2335,CONSENT_REVOKED,CONSENT_REVOKED,CONSENT_REVOKED,CONSENT_REVOKED,CONSENT_REVOKED,CONSENT_REVOKED,CONSENT_REVOKED,CONSENT_REVOKED,CONSENT_REVOKED,CONSENT_REVOKED
67b851052c650c7ceab9d840,63d53d53a7a7b0379ba289cf,APPROVED,Not Applicable,2025-02-21T10:10:22.254000Z,2025-02-21T10:11:43.608000Z,2025-02-21T10:11:44.602000Z,2025-02-21T10:11:44.512626Z,82.0,CT07DN9I,1964,English,46,Male,White,United Kingdom,United Kingdom,United Kingdom,English,DATA_EXPIRED,Full-Time
67b85128f4faa0dc5e70cc26,665971fc694c72b87647f8c9,APPROVED,Not Applicable,2025-02-21T10:11:00.536000Z,2025-02-21T10:11:20.106000Z,2025-02-21T10:15:11.805000Z,2025-02-21T10:11:20.850409Z,20.0,CT07DN9I,339,English,35,Male,White,United Kingdom,United Kingdom,United Kingdom,English,No,Full-Time
67b85185c92cc376c64c37e1,6725c4a8e3ab0787551acf38,APPROVED,Not Applicable,2025-02-21T10:13:03.577000Z,2025-02-21T10:13:48.592000Z,2025-02-21T10:13:49.669000Z,2025-02-21T10:13:49.596447Z,46.0,CT07DN9I,279,English,65,Female,White,United Kingdom,United Kingdom,United Kingdom,English,No,Part-Time
67b85191c0ea5529c95f6ad3,67713deebb236b91f2cd106a,APPROVED,Not Applicable,2025-02-21T10:12:38.776000Z,2025-02-21T10:13:14.408000Z,2025-02-21T10:13:15.110000Z,2025-02-21T10:13:15.022500Z,36.0,CT07DN9I,29,English,34,Female,Mixed,United States,United Kingdom,United States,English,No,Full-Time
67b8520cfd3c749a8046c4ed,62ac71cec3309a48781684eb,APPROVED,Not Applicable,2025-02-21T10:14:36.621000Z,2025-02-21T10:15:14.134000Z,2025-02-21T10:15:15.151000Z,2025-02-21T10:15:15.062226Z,38.0,CT07DN9I,1490,English,33,Male,White,United Kingdom,United Kingdom,United Kingdom,English,No,Full-Time
67b85230f90e4da03eaf8c2a,63d3f953f8fb0fe970f0d0c6,APPROVED,Not Applicable,2025-02-21T10:15:12.454000Z,2025-02-21T10:15:29.163000Z,2025-02-21T10:22:23.893000Z,2025-02-21T10:15:29.763616Z,17.0,CT07DN9I,1126,"Bulgarian, English",34,Female,White,Bulgaria,United Kingdom,United Kingdom,Bulgarian,No,Full-Time
67b8526d176af349da2ca8f8,63c80a427dfa1305502df5a8,RETURNED,Not Applicable,2025-02-21T10:26:13.717000Z,,,2025-02-21T10:30:03.320483Z,,,1999,CONSENT_REVOKED,CONSENT_REVOKED,CONSENT_REVOKED,CONSENT_REVOKED,CONSENT_REVOKED,CONSENT_REVOKED,CONSENT_REVOKED,CONSENT_REVOKED,CONSENT_REVOKED,CONSENT_REVOKED
67b8527a03ff38ea74af8aa0,6169ea2f9163a46bf5f356e2,APPROVED,Not Applicable,2025-02-21T10:16:34.944000Z,2025-02-21T10:17:08.788000Z,2025-02-21T10:17:09.564000Z,2025-02-21T10:17:09.490868Z,34.0,CT07DN9I,2303,English,44,Female,White,United Kingdom,United Kingdom,United Kingdom,English,No,Part-Time
67b8529efcdd93084c37e469,666aee590ad93e0d709d8a72,APPROVED,Not Applicable,2025-02-21T10:17:26.676000Z,2025-02-21T10:17:38.431000Z,2025-02-21T10:22:24.540000Z,2025-02-21T10:17:38.929623Z,12.0,CT07DN9I,502,English,18,Female,Asian,United Kingdom,United Kingdom,United Kingdom,English,No,Part-Time
67b852e594deb4457a640ebe,6730f2e20f5915ff4ad2c07d,APPROVED,Not Applicable,2025-02-21T10:18:52.903000Z,2025-02-21T10:19:15.512000Z,2025-02-21T10:22:25.070000Z,2025-02-21T10:19:17.177900Z,23.0,CT07DN9I,297,English,59,Female,White,United Kingdom,United Kingdom,United Kingdom,English,No,Part-Time
67b853032c650c7ceab9d8be,665c471006663c8ee2cd13a6,APPROVED,Not Applicable,2025-02-21T10:19:04.741000Z,2025-02-21T10:19:25.915000Z,2025-02-21T10:22:25.689000Z,2025-02-21T10:19:26.547181Z,22.0,CT07DN9I,632,English,37,Male,White,United Kingdom,United Kingdom,United Kingdom,English,No,Full-Time
67b853d38b7d1bf1d0dfbbfd,66649e9eb72745f04a4f733c,AWAITING REVIEW,Not Applicable,2025-02-21T10:22:16.159000Z,2025-02-21T10:22:57.440000Z,,2025-02-21T10:22:58.308012Z,42.0,C119OUC7,454,English,42,Male,Black,Nigeria,United Kingdom,Nigeria,English,No,Full-Time
67b85454f8efa5ad19961de8,5e22d5c0aedc2c589eb1c8f7,APPROVED,Not Applicable,2025-02-21T10:24:25.013000Z,2025-02-21T10:24:43.635000Z,2025-02-21T10:25:13.162000Z,2025-02-21T10:24:44.203624Z,19.0,CT07DN9I,624,English,52,Female,White,United Kingdom,United Kingdom,United Kingdom,English,No,Full-Time
67b854ad665d5b9a1a4b4a55,677302ad15f7e3d0c1725fef,APPROVED,Not Applicable,2025-02-21T10:26:32.286000Z,2025-02-21T10:26:56.302000Z,2025-02-21T10:29:23.622000Z,2025-02-21T10:26:57.270095Z,25.0,CT07DN9I,52,English,18,Female,Black,United Kingdom,United Kingdom,United Kingdom,English,Yes,Unemployed (and job seeking)
